Workbook

Sheet Solution Notes
A1: Day 26 Solution - Data Quality & Auditing
A2: Data: 'Returns Audit' sheet, 2500 rows. Built 2026-07-03.
A4: Task 1: Flag Missing Product Codes or Return Reasons.
A5: Sheet: 'Returns Audit (Solved)', column J.
A6: Formula (J2): =IF(OR(ISBLANK(C2),ISBLANK(D2)),"Missing","")
A7: ANSWER: 247 rows flagged Missing (pandas cross-check: Product Code blank OR Return Reason blank - matches).
A9: Task 2: Identify Duplicate Return IDs.
A10: Sheet: 'Returns Audit (Solved)', column K.
A11: Formula (K2): =IF(COUNTIF($A$2:$A$2501,A2)>1,"Duplicate","")
A12: ANSWER: 270 rows flagged Duplicate (270 rows belonging to 128 Return IDs that each appear more than once - pandas cross-check matches).
A14: Task 3: Flag Unusual Refund Amounts.
A15: Sheet: 'Returns Audit (Solved)', column L. 'Unusual' = $0 (no refund actually issued) or over $10,000.
... A42: ANSWER (counts as at build time): Missing (Product Code / Return Reason)=247, Duplicate Return ID=270, Unusual Refund Amount=610, Invalid Customer Email=462, Invalid Country=1378, Outdated Return Date=2444, Inconsistent Return Reason=356.

Sheet Instructions
A1: Instructions
A2: Day 26 - Data Quality Audit Exercise
A4: Scenario:
A5: You've been asked to audit the Returns and Damaged Goods data before presenting to Finance.
A6: Some fields may be missing, inconsistent or duplicated.
A8: Task | B8: Description
A9: 🔧 Task 1: Flag Missing Product Codes or Return Reasons | B9: Check if 'Product Code' or 'Return Reason' is blank. If so, flag the row as 'Missing'.
A10: 🔧 Task 2: Identify Duplicate Return IDs | B10: Check if 'Return ID' appears more than once. Flag these as 'Duplicate'.
A11: 🔧 Task 3: Flag Unusual Refund Amounts | B11: If 'Refund Amount ($)' is 0 or unusually high (e.g., over $10,000), flag it as 'Unusual'.
A12: 🔧 Task 4: Highlight Invalid Customer Emails | B12: Check if 'Customer Email' is missing or does not contain '@' and a domain. Flag as 'Invalid'.
A13: 🔧 Task 5: Spot Invalid Countries | B13: Validate 'Country' against this list: USA, Canada, UK, Australia, Germany. Others should be flagged as 'Invalid'.
A14: 🔧 Task 6: Check for Outdated Return Dates | B14: Flag any 'Return Date' that is older than 12 months from today.
A15: 🔧 Task 7: Catch Inconsistent Return Reasons | B15: Standardize 'Return Reason' values (e.g., wrong item, damaged). Flag any with typos or inconsistent casing.
A16: 🔧 Task 8: Build Data Quality Summary | B16: Create a table summarizing the count of each flagged issue and visualize it using a bar and pie chart.
A18: Optional:
A19: - Create a bar chart showing number of issues per category.
A20: - Create a pie chart showing which issue type is most common.
A22: Goal:
A23: To practice data auditing and gain confidence in spotting data quality issues before presenting to stakeholders.

Sheet Returns Audit
A1: Return ID | B1: Customer Name | C1: Product Code | D1: Return Reason | E1: Refund Amount ($) | F1: Return Date | G1: Customer Email | H1: Country | I1: Product Category
A2: R-1000 | B2: Kwame Patel | C2: P-960 | D2: Wrong Item | E2: 8617.22 | F2: 45782.667 | G2: kwame.patel@example.com | H2: UK | I2: Beauty
A3: R-1001 | B3: Elena Sato | C3: P-171 | D3: Wrong Item | E3: 11373.23 | F3: 45242.667 | H3: USA | I3: Homeware
A4: R-1002 | B4: Elena Sato | C4: P-714 | D4: Late Delivery | E4: 0 | F4: 45153.667 | G4: elena.sato@example.com | H4: Canaada | I4: Books
A5: R-1003 | B5: Samuel Gomez | C5: P-314 | D5: Not As Described | E5: 2084.06 | F5: 45409.667 | G5: samuel.gomez@example.com | I5: Homeware
A6: R-1004 | B6: Zara Williams | C6: P-187 | D6: Wrong Item | E6: 7747.15 | F6: 45378.667 | G6: zara.williams@example.com | H6: Canaada | I6: Books
A7: R-1005 | B7: Lucia Khan | C7: P-971 | D7: Damaged | E7: 8794.53 | F7: 45356.667 | G7: lucia.khan@example.com | I7: Books
A8: R-1006 | B8: Omar Silva | C8: P-761 | D8: damaged | E8: 11901.98 | F8: 45270.667 | H8: Germany | I8: Books
A9: R-1007 | B9: Mei Patel | C9: P-443 | D9: Damaged | E9: 9998.3 | F9: 45232.667 | G9: mei.patel@example.com | H9: UK | I9: Clothing
A10: R-1008 | B10: Omar Silva | C10: P-905 | D10: Damaged | E10: 7784.82 | F10: 45820.667 | G10: omar.silva@example.com | H10: Canada | I10: Beauty
A11: R-1009 | B11: Lucia Khan | E11: 7605.05 | F11: 45686.667 | G11: lucia.khan@example.com | H11: U.S.A. | I11: Electronics
A12: R-1010 | B12: Mei Patel | C12: P-260 | D12: Wrong Item | E12: 5315.41 | F12: 45217.667 | G12: mei.patel@example.com | H12: UK | I12: Beauty
A13: R-2813 | B13: Samuel Gomez | C13: P-121 | D13: Late Delivery | E13: 10188.53 | F13: 45732.667 | G13: samuel.gomez@example.com | I13: Electronics
A14: R-1012 | B14: Lucia Khan | D14: Damaged | E14: 11024.97 | F14: 45560.667 | G14: lucia.khan@example.com | H14: Canada | I14: Clothing
A15: R-2305 | B15: Zara Williams | D15: Damaged | E15: 6585.36 | F15: 45160.667 | G15: zara.williams@example.com | H15: USA | I15: Electronics
A16: R-2181 | B16: Lucia Khan | C16: P-610 | D16: Damaged | E16: 6996.81 | F16: 45158.667 | G16: lucia.khan@example.com | H16: Earth | I16: Clothing
A17: R-1015 | B17: Zara Williams | C17: P-575 | D17: Wrong Item | E17: 7924.03 | F17: 45223.667 | G17: zara.williams@example.com | H17: Canaada | I17: Clothing
A18: R-1016 | B18: Lucia Khan | C18: P-882 | D18: Damaged | E18: 283.1 | F18: 45351.667 | G18: lucia.khan@example.com | H18: Mars | I18: Homeware
A19: R-1017 | B19: Lucia Khan | C19: P-786 | D19: Wrong Item | E19: 3590.98 | F19: 45366.667 | G19: lucia.khan@example.com | H19: UAE | I19: Clothing
A20: R-1018 | B20: Nina Ivanov | C20: P-975 | D20: Not As Described | E20: 2499.33 | F20: 45645.667 | G20: nina.ivanov@example.com | H20: Mars | I20: Clothing
A21: R-1019 | B21: Omar Silva | C21: P-931 | D21: Damaged | E21: 2274.23 | F21: 45744.667 | G21: omar.silva@example.com | H21: Canada | I21: Books
A22: R-1020 | B22: Elena Sato | C22: P-584 | D22: Damaged | E22: 3732.08 | F22: 45155.667 | G22: elena.sato@example.com | H22: Australia | I22: Books
A23: R-1021 | B23: Nina Ivanov | C23: P-120 | D23: Wrong item | E23: 9299.14 | F23: 45702.667 | G23: nina.ivanov@example.com | H23: Australia | I23: Clothing
A24: R-1022 | B24: Elena Sato | C24: P-373 | D24: Not As Described | E24: 9568.04 | F24: 45331.667 | G24: elena.sato@example.com | H24: Australia | I24: Books
A25: R-1023 | B25: Nina Ivanov | C25: P-415 | D25: Wrong Item | E25: 10649.3 | F25: 45793.667 | G25: nina.ivanov@example.com | H25: Germany | I25: Homeware
A26: R-1024 | B26: Kwame Patel | C26: P-876 | D26: DAMAGED | E26: 4036.15 | F26: 45846.667 | G26: kwame.patel@example.com | H26: Germany | I26: Homeware
A27: R-2141 | B27: Mei Patel | D27: Wrong Item | E27: 1234.86 | F27: 45686.667 | G27: mei.patel@example.com | H27: Mars | I27: Clothing
A28: R-1026 | B28: Zara Williams | C28: P-191 | D28: Wrong Item | E28: 4646.95 | F28: 45557.667 | G28: zara.williams@example.com | H28: Canaada | I28: Beauty
A29: R-1027 | B29: Nina Ivanov | C29: P-554 | D29: Not As Described | E29: 5914.76 | F29: 45353.667 | G29: nina.ivanov@example.com | H29: UK | I29: Books
A30: R-1028 | B30: Nina Ivanov | C30: P-875 | D30: Late Delivery | E30: 8817.14 | F30: 45587.667 | G30: nina.ivanov@example.com | H30: Canaada | I30: Toys
A31: R-2327 | B31: Samuel Gomez | D31: Damaged | E31: 5889.72 | F31: 45731.667 | G31: samuel.gomez@example.com | H31: Australia | I31: Electronics
A32: R-1030 | B32: Lucia Khan | C32: P-661 | D32: Wrong Item | E32: 0 | F32: 45412.667 | G32: lucia.khan@example.com | I32: Books
A33: R-1031 | B33: Kwame Patel | C33: P-101 | D33: Late Delivery | E33: 7990.29 | F33: 45134.667 | G33: kwame.patel@example.com | H33: Australia | I33: Homeware
A34: R-1032 | B34: Mei Patel | C34: P-665 | D34: Damaged | E34: 11453.07 | F34: 45291.667 | G34: mei.patel@example.com | H34: Germany | I34: Homeware
A35: R-1033 | B35: Victor Adu | C35: P-921 | D35: DAMAGED | E35: 8495.29 | F35: 45842.667 | G35: victor.adu@example.com | H35: UAE | I35: Toys
A36: R-1034 | B36: Nina Ivanov | D36: Wrong Item | E36: 3028.82 | F36: 45560.667 | H36: Australia | I36: Beauty
A37: R-1035 | B37: Victor Adu | C37: P-655 | D37: Wrong item | E37: 2378.48 | F37: 45476.667 | G37: victor.adu@example.com | H37: Canaada | I37: Clothing
A38: R-1036 | B38: Elena Sato | C38: P-369 | D38: Late Delivery | E38: 11993.61 | F38: 45412.667 | G38: elena.sato@example.com | H38: UK | I38: Toys
A39: R-2750 | B39: Lucia Khan | C39: P-370 | E39: 5171.85 | F39: 45287.667 | H39: Canaada | I39: Toys
A40: R-3494 | B40: Victor Adu | C40: P-826 | D40: Not As Described | E40: 7247.05 | F40: 45348.667 | G40: victor.adu@example.com | H40: UK | I40: Electronics
A41: R-1039 | B41: Elena Sato | C41: P-801 | D41: Not As Described | E41: 0 | F41: 45472.667 | G41: elena.sato@example.com | H41: USA | I41: Homeware
A42: R-1040 | B42: Kwame Patel | C42: P-819 | D42: Damaged | E42: 0 | F42: 45232.667 | G42: kwame.patel@example.com | H42: Germany | I42: Beauty
A43: R-1041 | B43: Omar Silva | C43: P-978 | D43: Wrong Item | E43: 0 | F43: 45222.667 | G43: omar.silva@example.com | H43: Germany | I43: Toys
A44: R-1042 | B44: Zara Williams | C44: P-316 | D44: Wrong Item | E44: 7207.28 | F44: 45517.667 | G44: zara.williams@example.com | H44: Australia | I44: Beauty
A45: R-1043 | B45: Nina Ivanov | C45: P-479 | D45: Wrong item | E45: 0 | F45: 45227.667 | G45: nina@example | I45: Clothing
A46: R-2235 | B46: Victor Adu | C46: P-256 | E46: 2764.74 | F46: 45495.667 | G46: victor.adu@example.com | H46: Mars | I46: Books
A47: R-1045 | B47: Omar Silva | C47: P-164 | D47: Damaged | E47: 11782.77 | F47: 45480.667 | G47: omar.silva@example.com | H47: Australia | I47: Clothing
A48: R-1046 | B48: Lucia Khan | D48: Wrong Item | E48: 10598.32 | F48: 45746.667 | G48: lucia.khan@example.com | H48: U.S.A. | I48: Electronics
A49: R-1047 | B49: Samuel Gomez | C49: P-228 | D49: Damaged | E49: 5841.01 | F49: 45398.667 | G49: samuel.gomez@example.com | I49: Beauty
A50: R-1048 | B50: Kwame Patel | C50: P-571 | D50: Late Delivery | E50: 10223.63 | F50: 45172.667 | G50: kwame.patel@example.com | H50: UAE | I50: Beauty
A51: R-1049 | B51: Zara Williams | D51: Late Delivery | E51: 3136.77 | F51: 45598.667 | G51: zara.williams@example.com | H51: UAE | I51: Homeware
A52: R-1050 | B52: Lucia Khan | C52: P-491 | D52: Not As Described | E52: 8715.64 | F52: 45677.667 | G52: lucia.khan@example.com | H52: Mars | I52: Beauty
A53: R-1051 | B53: Kwame Patel | C53: P-388 | D53: damaged | E53: 5389 | F53: 45255.667 | G53: kwame.patel@example.com | H53: Canada | I53: Beauty
A54: R-1052 | B54: Samuel Gomez | C54: P-589 | D54: Wrong Item | E54: 6564.76 | F54: 45515.667 | H54: USA | I54: Beauty
A55: R-1053 | B55: Elena Sato | C55: P-140 | D55: Late Delivery | E55: 9045.22 | F55: 45208.667 | G55: elena.sato@example.com | H55: Mars | I55: Clothing
A56: R-1054 | B56: Samuel Gomez | C56: P-300 | D56: Damaged | E56: 6480.95 | F56: 45693.667 | G56: samuel.gomez@example.com | H56: UK | I56: Beauty
A57: R-1055 | B57: Victor Adu | C57: P-132 | D57: Damaged | E57: 8730.76 | F57: 45428.667 | G57: victor.adu@example.com | H57: U.S.A. | I57: Homeware
A58: R-1614 | B58: Zara Williams | C58: P-506 | D58: Wrong Item | E58: 4317.47 | F58: 45771.667 | G58: zara.williams@example.com | H58: Canaada | I58: Books
A59: R-1057 | B59: Mei Patel | C59: P-904 | D59: Wrong Item | E59: 11645.26 | F59: 45761.667 | G59: mei.patel@example.com | H59: UAE | I59: Beauty
A60: R-1058 | B60: Nina Ivanov | C60: P-971 | D60: Wrong item | E60: 3222.06 | F60: 45498.667 | G60: nina.ivanov@example.com | H60: Australia | I60: Beauty
A61: R-1059 | B61: Nina Ivanov | C61: P-646 | D61: Damaged | E61: 10040.76 | F61: 45719.667 | G61: nina.ivanov@example.com | H61: Canaada | I61: Books
A62: R-1060 | B62: Elena Sato | C62: P-712 | D62: Late Delivery | E62: 3323.46 | F62: 45324.667 | G62: elena.sato@example.com | H62: Canaada | I62: Books
A63: R-1061 | B63: Lucia Khan | C63: P-742 | D63: DAMAGED | E63: 0 | F63: 45849.667 | G63: lucia.khan@example.com | I63: Clothing
A64: R-1062 | B64: Zara Williams | C64: P-317 | D64: Not As Described | E64: 2858.51 | F64: 45199.667 | G64: zara.williams@example.com | H64: Germany | I64: Toys
A65: R-1063 | B65: Elena Sato | C65: P-497 | D65: Wrong Item | E65: 5324.42 | F65: 45174.667 | G65: elena.sato@example.com | H65: Canada | I65: Clothing
A66: R-1064 | B66: Mei Patel | C66: P-492 | D66: Late Delivery | E66: 4935.96 | F66: 45805.667 | G66: mei.patel@example.com | H66: Canada | I66: Homeware
A67: R-1065 | B67: Victor Adu | C67: P-957 | D67: Damaged | E67: 6291.78 | F67: 45361.667 | G67: victor@example | H67: Earth | I67: Toys
A68: R-1066 | B68: Victor Adu | D68: Not As Described | E68: 7292.23 | F68: 45424.667 | G68: victor.adu@example.com | H68: USA | I68: Toys
A69: R-1067 | B69: Samuel Gomez | C69: P-674 | D69: Not As Described | E69: 10093.29 | F69: 45209.667 | G69: samuel.gomez@example.com | H69: USA | I69: Electronics
A70: R-1068 | B70: Nina Ivanov | C70: P-340 | D70: Not As Described | E70: 0 | F70: 45366.667 | G70: nina.ivanov@example.com | H70: U.S.A. | I70: Books
A71: R-2624 | B71: Omar Silva | C71: P-195 | D71: Damaged | E71: 3441.2 | F71: 45231.667 | G71: omar.silva@example.com | H71: Australia | I71: Clothing
A72: R-1070 | B72: Zara Williams | C72: P-584 | E72: 3352.14 | F72: 45517.667 | G72: zara.williams@example.com | H72: Mars | I72: Electronics
A73: R-1071 | B73: Omar Silva | C73: P-848 | D73: Wrong Item | E73: 11078.02 | F73: 45412.667 | G73: omar@example | H73: U.S.A. | I73: Homeware
A74: R-1072 | B74: Samuel Gomez | C74: P-640 | D74: Wrong Item | E74: 10489.31 | F74: 45592.667 | G74: samuel.gomez@example.com | I74: Electronics
A75: R-1073 | B75: Lucia Khan | C75: P-259 | D75: Damaged | E75: 0 | F75: 45778.667 | H75: UAE | I75: Books
A76: R-1074 | B76: Victor Adu | C76: P-342 | D76: Wrong Item | E76: 0 | F76: 45501.667 | G76: victor.adu@example.com | I76: Electronics
A77: R-1075 | B77: Nina Ivanov | C77: P-677 | D77: Wrong Item | E77: 7566.67 | F77: 45294.667 | G77: nina.ivanov@example.com | H77: USA | I77: Beauty
A78: R-1076 | B78: Mei Patel | C78: P-673 | E78: 2513.01 | F78: 45507.667 | G78: mei.patel@example.com | H78: USA | I78: Books
A79: R-1077 | B79: Mei Patel | C79: P-745 | D79: DAMAGED | E79: 8846.63 | F79: 45491.667 | G79: mei.patel@example.com | H79: Germany | I79: Toys
A80: R-1078 | B80: Mei Patel | C80: P-719 | D80: Damaged | E80: 5660.39 | F80: 45342.667 | G80: mei.patel@example.com | H80: Earth | I80: Electronics
A81: R-1079 | B81: Zara Williams | C81: P-897 | D81: Damaged | E81: 8113.89 | F81: 45814.667 | G81: zara.williams@example.com | I81: Homeware
A82: R-1080 | B82: Nina Ivanov | C82: P-739 | D82: Damaged | E82: 8757.25 | F82: 45401.667 | G82: nina.ivanov@example.com | H82: Canaada | I82: Beauty
A83: R-1081 | B83: Victor Adu | C83: P-447 | D83: Damaged | E83: 960.22 | F83: 45846.667 | G83: victor.adu@example.com | H83: Germany | I83: Electronics
A84: R-1082 | B84: Omar Silva | C84: P-289 | D84: Wrong Item | E84: 10300.43 | F84: 45827.667 | G84: omar.silva@example.com | H84: Canaada | I84: Homeware
A85: R-2930 | B85: Samuel Gomez | C85: P-476 | D85: DAMAGED | E85: 1386.07 | F85: 45791.667 | G85: samuel.gomez@example.com | H85: UAE | I85: Homeware
A86: R-1084 | B86: Lucia Khan | C86: P-732 | D86: Wrong Item | E86: 2645.25 | F86: 45201.667 | G86: lucia.khan@example.com | H86: U.S.A. | I86: Homeware
A87: R-1085 | B87: Mei Patel | C87: P-844 | D87: Damaged | E87: 10415.6 | F87: 45751.667 | G87: mei.patel@example.com | H87: UK | I87: Clothing
A88: R-1086 | B88: Elena Sato | C88: P-809 | D88: Wrong Item | E88: 736.13 | F88: 45778.667 | G88: elena@example | H88: Earth | I88: Clothing
A89: R-1087 | B89: Nina Ivanov | C89: P-748 | D89: Wrong item | E89: 7480.94 | F89: 45303.667 | G89: nina.ivanov@example.com | H89: USA | I89: Homeware
A90: R-1088 | B90: Samuel Gomez | C90: P-324 | D90: Not As Described | E90: 6707.44 | F90: 45674.667 | I90: Electronics
A91: R-1089 | B91: Lucia Khan | C91: P-783 | D91: DAMAGED | E91: 6228.26 | F91: 45378.667 | G91: lucia@example | H91: UK | I91: Electronics
A92: R-1090 | B92: Lucia Khan | C92: P-926 | D92: Not As Described | E92: 8356.35 | F92: 45295.667 | G92: lucia.khan@example.com | H92: Germany | I92: Toys
A93: R-1091 | B93: Kwame Patel | C93: P-707 | D93: Damaged | E93: 2888.18 | F93: 45601.667 | G93: kwame.patel@example.com | H93: UK | I93: Clothing
A94: R-1092 | B94: Mei Patel | C94: P-791 | D94: Wrong Item | E94: 9003.26 | F94: 45516.667 | G94: mei.patel@example.com | H94: Earth | I94: Toys
A95: R-1093 | B95: Kwame Patel | C95: P-596 | D95: Not As Described | E95: 5804.57 | F95: 45404.667 | G95: kwame.patel@example.com | H95: Mars | I95: Electronics
A96: R-1094 | B96: Samuel Gomez | C96: P-367 | D96: Damaged | E96: 3104.46 | F96: 45783.667 | G96: samuel@example | H96: U.S.A. | I96: Electronics
A97: R-1095 | B97: Lucia Khan | C97: P-485 | D97: Late Delivery | E97: 0 | F97: 45832.667 | G97: lucia.khan@example.com | H97: Mars | I97: Clothing
A98: R-1096 | B98: Elena Sato | C98: P-712 | D98: Wrong Item | E98: 6647.64 | F98: 45698.667 | G98: elena.sato@example.com | H98: UK | I98: Books
A99: R-1097 | B99: Nina Ivanov | C99: P-180 | D99: Wrong Item | E99: 0 | F99: 45352.667 | G99: nina@example | H99: Canada | I99: Beauty
A100: R-1098 | B100: Kwame Patel | C100: P-101 | D100: Late Delivery | E100: 10576.92 | F100: 45829.667 | G100: kwame.patel@example.com | H100: U.S.A. | I100: Homeware
...

Sheet Returns Audit (Solved)
A1: Return ID | B1: Customer Name | C1: Product Code | D1: Return Reason | E1: Refund Amount ($) | F1: Return Date | G1: Customer Email | H1: Country | I1: Product Category | J1: Missing Flag | K1: Duplicate Flag | L1: Unusual Refund Flag | M1: Invalid Email Flag | N1: Invalid Country Flag | O1: Outdated Return Flag | P1: Standardized Return Reason | Q1: Inconsistent Reason Flag | S1: Valid Countries
A2: R-1000 | B2: Kwame Patel | C2: P-960 | D2: Wrong Item | E2: 8617.22 | F2: 45782.667 | G2: kwame.patel@example.com | H2: UK | I2: Beauty | J2: =IF(OR(ISBLANK(C2),ISBLANK(D2)),"Missing","") | K2: =IF(COUNTIF($A$2:$A$2501,A2)>1,"Duplicate","") | L2: =IF(OR(E2=0,E2>10000),"Unusual","") | M2: =IF(OR(ISBLANK(G2),ISERROR(FIND("@",G2)),ISERROR(FIND(".",G2,FIND("@",G2)+1))),"Invalid","") | N2: =IF(COUNTIF($S$2:$S$6,H2)=0,"Invalid","") | O2: =IF(F2<EDATE(TODAY(),-12),"Outdated","") -> Outdated | P2: =IF(ISBLANK(D2),"",PROPER(TRIM(D2))) -> Wrong Item | Q2: =IF(ISBLANK(D2),"",IF(EXACT(D2,P2),"","Inconsistent")) | S2: USA
A3: R-1001 | B3: Elena Sato | C3: P-171 | D3: Wrong Item | E3: 11373.23 | F3: 45242.667 | H3: USA | I3: Homeware | J3: =IF(OR(ISBLANK(C3),ISBLANK(D3)),"Missing","") | K3: =IF(COUNTIF($A$2:$A$2501,A3)>1,"Duplicate","") | L3: =IF(OR(E3=0,E3>10000),"Unusual","") -> Unusual | M3: =IF(OR(ISBLANK(G3),ISERROR(FIND("@",G3)),ISERROR(FIND(".",G3,FIND("@",G3)+1))),"Invalid","") -> Invalid | N3: =IF(COUNTIF($S$2:$S$6,H3)=0,"Invalid","") | O3: =IF(F3<EDATE(TODAY(),-12),"Outdated","") -> Outdated | P3: =IF(ISBLANK(D3),"",PROPER(TRIM(D3))) -> Wrong Item | Q3: =IF(ISBLANK(D3),"",IF(EXACT(D3,P3),"","Inconsistent")) | S3: Canada
A4: R-1002 | B4: Elena Sato | C4: P-714 | D4: Late Delivery | E4: 0 | F4: 45153.667 | G4: elena.sato@example.com | H4: Canaada | I4: Books | J4: =IF(OR(ISBLANK(C4),ISBLANK(D4)),"Missing","") | K4: =IF(COUNTIF($A$2:$A$2501,A4)>1,"Duplicate","") | L4: =IF(OR(E4=0,E4>10000),"Unusual","") -> Unusual | M4: =IF(OR(ISBLANK(G4),ISERROR(FIND("@",G4)),ISERROR(FIND(".",G4,FIND("@",G4)+1))),"Invalid","") | N4: =IF(COUNTIF($S$2:$S$6,H4)=0,"Invalid","") -> Invalid | O4: =IF(F4<EDATE(TODAY(),-12),"Outdated","") -> Outdated | P4: =IF(ISBLANK(D4),"",PROPER(TRIM(D4))) -> Late Delivery | Q4: =IF(ISBLANK(D4),"",IF(EXACT(D4,P4),"","Inconsistent")) | S4: UK
A5: R-1003 | B5: Samuel Gomez | C5: P-314 | D5: Not As Described | E5: 2084.06 | F5: 45409.667 | G5: samuel.gomez@example.com | I5: Homeware | J5: =IF(OR(ISBLANK(C5),ISBLANK(D5)),"Missing","") | K5: =IF(COUNTIF($A$2:$A$2501,A5)>1,"Duplicate","") | L5: =IF(OR(E5=0,E5>10000),"Unusual","") | M5: =IF(OR(ISBLANK(G5),ISERROR(FIND("@",G5)),ISERROR(FIND(".",G5,FIND("@",G5)+1))),"Invalid","") | N5: =IF(COUNTIF($S$2:$S$6,H5)=0,"Invalid","") -> Invalid | O5: =IF(F5<EDATE(TODAY(),-12),"Outdated","") -> Outdated | P5: =IF(ISBLANK(D5),"",PROPER(TRIM(D5))) -> Not As Described | Q5: =IF(ISBLANK(D5),"",IF(EXACT(D5,P5),"","Inconsistent")) | S5: Australia
A6: R-1004 | B6: Zara Williams | C6: P-187 | D6: Wrong Item | E6: 7747.15 | F6: 45378.667 | G6: zara.williams@example.com | H6: Canaada | I6: Books | J6: =IF(OR(ISBLANK(C6),ISBLANK(D6)),"Missing","") | K6: =IF(COUNTIF($A$2:$A$2501,A6)>1,"Duplicate","") | L6: =IF(OR(E6=0,E6>10000),"Unusual","") | M6: =IF(OR(ISBLANK(G6),ISERROR(FIND("@",G6)),ISERROR(FIND(".",G6,FIND("@",G6)+1))),"Invalid","") | N6: =IF(COUNTIF($S$2:$S$6,H6)=0,"Invalid","") -> Invalid | O6: =IF(F6<EDATE(TODAY(),-12),"Outdated","") -> Outdated | P6: =IF(ISBLANK(D6),"",PROPER(TRIM(D6))) -> Wrong Item | Q6: =IF(ISBLANK(D6),"",IF(EXACT(D6,P6),"","Inconsistent")) | S6: Germany
A7: R-1005 | B7: Lucia Khan | C7: P-971 | D7: Damaged | E7: 8794.53 | F7: 45356.667 | G7: lucia.khan@example.com | I7: Books | J7: =IF(OR(ISBLANK(C7),ISBLANK(D7)),"Missing","") | K7: =IF(COUNTIF($A$2:$A$2501,A7)>1,"Duplicate","") | L7: =IF(OR(E7=0,E7>10000),"Unusual","") | M7: =IF(OR(ISBLANK(G7),ISERROR(FIND("@",G7)),ISERROR(FIND(".",G7,FIND("@",G7)+1))),"Invalid","") | N7: =IF(COUNTIF($S$2:$S$6,H7)=0,"Invalid","") -> Invalid | O7: =IF(F7<EDATE(TODAY(),-12),"Outdated","") -> Outdated | P7: =IF(ISBLANK(D7),"",PROPER(TRIM(D7))) -> Damaged | Q7: =IF(ISBLANK(D7),"",IF(EXACT(D7,P7),"","Inconsistent"))
A8: R-1006 | B8: Omar Silva | C8: P-761 | D8: damaged | E8: 11901.98 | F8: 45270.667 | H8: Germany | I8: Books | J8: =IF(OR(ISBLANK(C8),ISBLANK(D8)),"Missing","") | K8: =IF(COUNTIF($A$2:$A$2501,A8)>1,"Duplicate","") | L8: =IF(OR(E8=0,E8>10000),"Unusual","") -> Unusual | M8: =IF(OR(ISBLANK(G8),ISERROR(FIND("@",G8)),ISERROR(FIND(".",G8,FIND("@",G8)+1))),"Invalid","") -> Invalid | N8: =IF(COUNTIF($S$2:$S$6,H8)=0,"Invalid","") | O8: =IF(F8<EDATE(TODAY(),-12),"Outdated","") -> Outdated | P8: =IF(ISBLANK(D8),"",PROPER(TRIM(D8))) -> Damaged | Q8: =IF(ISBLANK(D8),"",IF(EXACT(D8,P8),"","Inconsistent")) -> Inconsistent
A9: R-1007 | B9: Mei Patel | C9: P-443 | D9: Damaged | E9: 9998.3 | F9: 45232.667 | G9: mei.patel@example.com | H9: UK | I9: Clothing | J9: =IF(OR(ISBLANK(C9),ISBLANK(D9)),"Missing","") | K9: =IF(COUNTIF($A$2:$A$2501,A9)>1,"Duplicate","") -> Duplicate | L9: =IF(OR(E9=0,E9>10000),"Unusual","") | M9: =IF(OR(ISBLANK(G9),ISERROR(FIND("@",G9)),ISERROR(FIND(".",G9,FIND("@",G9)+1))),"Invalid","") | N9: =IF(COUNTIF($S$2:$S$6,H9)=0,"Invalid","") | O9: =IF(F9<EDATE(TODAY(),-12),"Outdated","") -> Outdated | P9: =IF(ISBLANK(D9),"",PROPER(TRIM(D9))) -> Damaged | Q9: =IF(ISBLANK(D9),"",IF(EXACT(D9,P9),"","Inconsistent"))
A10: R-1008 | B10: Omar Silva | C10: P-905 | D10: Damaged | E10: 7784.82 | F10: 45820.667 | G10: omar.silva@example.com | H10: Canada | I10: Beauty | J10: =IF(OR(ISBLANK(C10),ISBLANK(D10)),"Missing","") | K10: =IF(COUNTIF($A$2:$A$2501,A10)>1,"Duplicate","") | L10: =IF(OR(E10=0,E10>10000),"Unusual","") | M10: =IF(OR(ISBLANK(G10),ISERROR(FIND("@",G10)),ISERROR(FIND(".",G10,FIND("@",G10)+1))),"Invalid","") | N10: =IF(COUNTIF($S$2:$S$6,H10)=0,"Invalid","") | O10: =IF(F10<EDATE(TODAY(),-12),"Outdated","") -> Outdated | P10: =IF(ISBLANK(D10),"",PROPER(TRIM(D10))) -> Damaged | Q10: =IF(ISBLANK(D10),"",IF(EXACT(D10,P10),"","Inconsistent"))
A11: R-1009 | B11: Lucia Khan | E11: 7605.05 | F11: 45686.667 | G11: lucia.khan@example.com | H11: U.S.A. | I11: Electronics | J11: =IF(OR(ISBLANK(C11),ISBLANK(D11)),"Missing","") -> Missing | K11: =IF(COUNTIF($A$2:$A$2501,A11)>1,"Duplicate","") | L11: =IF(OR(E11=0,E11>10000),"Unusual","") | M11: =IF(OR(ISBLANK(G11),ISERROR(FIND("@",G11)),ISERROR(FIND(".",G11,FIND("@",G11)+1))),"Invalid","") | N11: =IF(COUNTIF($S$2:$S$6,H11)=0,"Invalid","") -> Invalid | O11: =IF(F11<EDATE(TODAY(),-12),"Outdated","") -> Outdated | P11: =IF(ISBLANK(D11),"",PROPER(TRIM(D11))) | Q11: =IF(ISBLANK(D11),"",IF(EXACT(D11,P11),"","Inconsistent"))
A12: R-1010 | B12: Mei Patel | C12: P-260 | D12: Wrong Item | E12: 5315.41 | F12: 45217.667 | G12: mei.patel@example.com | H12: UK | I12: Beauty | J12: =IF(OR(ISBLANK(C12),ISBLANK(D12)),"Missing","") | K12: =IF(COUNTIF($A$2:$A$2501,A12)>1,"Duplicate","") | L12: =IF(OR(E12=0,E12>10000),"Unusual","") | M12: =IF(OR(ISBLANK(G12),ISERROR(FIND("@",G12)),ISERROR(FIND(".",G12,FIND("@",G12)+1))),"Invalid","") | N12: =IF(COUNTIF($S$2:$S$6,H12)=0,"Invalid","") | O12: =IF(F12<EDATE(TODAY(),-12),"Outdated","") -> Outdated | P12: =IF(ISBLANK(D12),"",PROPER(TRIM(D12))) -> Wrong Item | Q12: =IF(ISBLANK(D12),"",IF(EXACT(D12,P12),"","Inconsistent"))
A13: R-2813 | B13: Samuel Gomez | C13: P-121 | D13: Late Delivery | E13: 10188.53 | F13: 45732.667 | G13: samuel.gomez@example.com | I13: Electronics | J13: =IF(OR(ISBLANK(C13),ISBLANK(D13)),"Missing","") | K13: =IF(COUNTIF($A$2:$A$2501,A13)>1,"Duplicate","") -> Duplicate | L13: =IF(OR(E13=0,E13>10000),"Unusual","") -> Unusual | M13: =IF(OR(ISBLANK(G13),ISERROR(FIND("@",G13)),ISERROR(FIND(".",G13,FIND("@",G13)+1))),"Invalid","") | N13: =IF(COUNTIF($S$2:$S$6,H13)=0,"Invalid","") -> Invalid | O13: =IF(F13<EDATE(TODAY(),-12),"Outdated","") -> Outdated | P13: =IF(ISBLANK(D13),"",PROPER(TRIM(D13))) -> Late Delivery | Q13: =IF(ISBLANK(D13),"",IF(EXACT(D13,P13),"","Inconsistent"))
A14: R-1012 | B14: Lucia Khan | D14: Damaged | E14: 11024.97 | F14: 45560.667 | G14: lucia.khan@example.com | H14: Canada | I14: Clothing | J14: =IF(OR(ISBLANK(C14),ISBLANK(D14)),"Missing","") -> Missing | K14: =IF(COUNTIF($A$2:$A$2501,A14)>1,"Duplicate","") | L14: =IF(OR(E14=0,E14>10000),"Unusual","") -> Unusual | M14: =IF(OR(ISBLANK(G14),ISERROR(FIND("@",G14)),ISERROR(FIND(".",G14,FIND("@",G14)+1))),"Invalid","") | N14: =IF(COUNTIF($S$2:$S$6,H14)=0,"Invalid","") | O14: =IF(F14<EDATE(TODAY(),-12),"Outdated","") -> Outdated | P14: =IF(ISBLANK(D14),"",PROPER(TRIM(D14))) -> Damaged | Q14: =IF(ISBLANK(D14),"",IF(EXACT(D14,P14),"","Inconsistent"))
A15: R-2305 | B15: Zara Williams | D15: Damaged | E15: 6585.36 | F15: 45160.667 | G15: zara.williams@example.com | H15: USA | I15: Electronics | J15: =IF(OR(ISBLANK(C15),ISBLANK(D15)),"Missing","") -> Missing | K15: =IF(COUNTIF($A$2:$A$2501,A15)>1,"Duplicate","") -> Duplicate | L15: =IF(OR(E15=0,E15>10000),"Unusual","") | M15: =IF(OR(ISBLANK(G15),ISERROR(FIND("@",G15)),ISERROR(FIND(".",G15,FIND("@",G15)+1))),"Invalid","") | N15: =IF(COUNTIF($S$2:$S$6,H15)=0,"Invalid","") | O15: =IF(F15<EDATE(TODAY(),-12),"Outdated","") -> Outdated | P15: =IF(ISBLANK(D15),"",PROPER(TRIM(D15))) -> Damaged | Q15: =IF(ISBLANK(D15),"",IF(EXACT(D15,P15),"","Inconsistent"))
A16: R-2181 | B16: Lucia Khan | C16: P-610 | D16: Damaged | E16: 6996.81 | F16: 45158.667 | G16: lucia.khan@example.com | H16: Earth | I16: Clothing | J16: =IF(OR(ISBLANK(C16),ISBLANK(D16)),"Missing","") | K16: =IF(COUNTIF($A$2:$A$2501,A16)>1,"Duplicate","") -> Duplicate | L16: =IF(OR(E16=0,E16>10000),"Unusual","") | M16: =IF(OR(ISBLANK(G16),ISERROR(FIND("@",G16)),ISERROR(FIND(".",G16,FIND("@",G16)+1))),"Invalid","") | N16: =IF(COUNTIF($S$2:$S$6,H16)=0,"Invalid","") -> Invalid | O16: =IF(F16<EDATE(TODAY(),-12),"Outdated","") -> Outdated | P16: =IF(ISBLANK(D16),"",PROPER(TRIM(D16))) -> Damaged | Q16: =IF(ISBLANK(D16),"",IF(EXACT(D16,P16),"","Inconsistent"))
A17: R-1015 | B17: Zara Williams | C17: P-575 | D17: Wrong Item | E17: 7924.03 | F17: 45223.667 | G17: zara.williams@example.com | H17: Canaada | I17: Clothing | J17: =IF(OR(ISBLANK(C17),ISBLANK(D17)),"Missing","") | K17: =IF(COUNTIF($A$2:$A$2501,A17)>1,"Duplicate","") | L17: =IF(OR(E17=0,E17>10000),"Unusual","") | M17: =IF(OR(ISBLANK(G17),ISERROR(FIND("@",G17)),ISERROR(FIND(".",G17,FIND("@",G17)+1))),"Invalid","") | N17: =IF(COUNTIF($S$2:$S$6,H17)=0,"Invalid","") -> Invalid | O17: =IF(F17<EDATE(TODAY(),-12),"Outdated","") -> Outdated | P17: =IF(ISBLANK(D17),"",PROPER(TRIM(D17))) -> Wrong Item | Q17: =IF(ISBLANK(D17),"",IF(EXACT(D17,P17),"","Inconsistent"))
A18: R-1016 | B18: Lucia Khan | C18: P-882 | D18: Damaged | E18: 283.1 | F18: 45351.667 | G18: lucia.khan@example.com | H18: Mars | I18: Homeware | J18: =IF(OR(ISBLANK(C18),ISBLANK(D18)),"Missing","") | K18: =IF(COUNTIF($A$2:$A$2501,A18)>1,"Duplicate","") | L18: =IF(OR(E18=0,E18>10000),"Unusual","") | M18: =IF(OR(ISBLANK(G18),ISERROR(FIND("@",G18)),ISERROR(FIND(".",G18,FIND("@",G18)+1))),"Invalid","") | N18: =IF(COUNTIF($S$2:$S$6,H18)=0,"Invalid","") -> Invalid | O18: =IF(F18<EDATE(TODAY(),-12),"Outdated","") -> Outdated | P18: =IF(ISBLANK(D18),"",PROPER(TRIM(D18))) -> Damaged | Q18: =IF(ISBLANK(D18),"",IF(EXACT(D18,P18),"","Inconsistent"))
A19: R-1017 | B19: Lucia Khan | C19: P-786 | D19: Wrong Item | E19: 3590.98 | F19: 45366.667 | G19: lucia.khan@example.com | H19: UAE | I19: Clothing | J19: =IF(OR(ISBLANK(C19),ISBLANK(D19)),"Missing","") | K19: =IF(COUNTIF($A$2:$A$2501,A19)>1,"Duplicate","") -> Duplicate | L19: =IF(OR(E19=0,E19>10000),"Unusual","") | M19: =IF(OR(ISBLANK(G19),ISERROR(FIND("@",G19)),ISERROR(FIND(".",G19,FIND("@",G19)+1))),"Invalid","") | N19: =IF(COUNTIF($S$2:$S$6,H19)=0,"Invalid","") -> Invalid | O19: =IF(F19<EDATE(TODAY(),-12),"Outdated","") -> Outdated | P19: =IF(ISBLANK(D19),"",PROPER(TRIM(D19))) -> Wrong Item | Q19: =IF(ISBLANK(D19),"",IF(EXACT(D19,P19),"","Inconsistent"))
A20: R-1018 | B20: Nina Ivanov | C20: P-975 | D20: Not As Described | E20: 2499.33 | F20: 45645.667 | G20: nina.ivanov@example.com | H20: Mars | I20: Clothing | J20: =IF(OR(ISBLANK(C20),ISBLANK(D20)),"Missing","") | K20: =IF(COUNTIF($A$2:$A$2501,A20)>1,"Duplicate","") | L20: =IF(OR(E20=0,E20>10000),"Unusual","") | M20: =IF(OR(ISBLANK(G20),ISERROR(FIND("@",G20)),ISERROR(FIND(".",G20,FIND("@",G20)+1))),"Invalid","") | N20: =IF(COUNTIF($S$2:$S$6,H20)=0,"Invalid","") -> Invalid | O20: =IF(F20<EDATE(TODAY(),-12),"Outdated","") -> Outdated | P20: =IF(ISBLANK(D20),"",PROPER(TRIM(D20))) -> Not As Described | Q20: =IF(ISBLANK(D20),"",IF(EXACT(D20,P20),"","Inconsistent"))
A21: R-1019 | B21: Omar Silva | C21: P-931 | D21: Damaged | E21: 2274.23 | F21: 45744.667 | G21: omar.silva@example.com | H21: Canada | I21: Books | J21: =IF(OR(ISBLANK(C21),ISBLANK(D21)),"Missing","") | K21: =IF(COUNTIF($A$2:$A$2501,A21)>1,"Duplicate","") | L21: =IF(OR(E21=0,E21>10000),"Unusual","") | M21: =IF(OR(ISBLANK(G21),ISERROR(FIND("@",G21)),ISERROR(FIND(".",G21,FIND("@",G21)+1))),"Invalid","") | N21: =IF(COUNTIF($S$2:$S$6,H21)=0,"Invalid","") | O21: =IF(F21<EDATE(TODAY(),-12),"Outdated","") -> Outdated | P21: =IF(ISBLANK(D21),"",PROPER(TRIM(D21))) -> Damaged | Q21: =IF(ISBLANK(D21),"",IF(EXACT(D21,P21),"","Inconsistent"))
A22: R-1020 | B22: Elena Sato | C22: P-584 | D22: Damaged | E22: 3732.08 | F22: 45155.667 | G22: elena.sato@example.com | H22: Australia | I22: Books | J22: =IF(OR(ISBLANK(C22),ISBLANK(D22)),"Missing","") | K22: =IF(COUNTIF($A$2:$A$2501,A22)>1,"Duplicate","") | L22: =IF(OR(E22=0,E22>10000),"Unusual","") | M22: =IF(OR(ISBLANK(G22),ISERROR(FIND("@",G22)),ISERROR(FIND(".",G22,FIND("@",G22)+1))),"Invalid","") | N22: =IF(COUNTIF($S$2:$S$6,H22)=0,"Invalid","") | O22: =IF(F22<EDATE(TODAY(),-12),"Outdated","") -> Outdated | P22: =IF(ISBLANK(D22),"",PROPER(TRIM(D22))) -> Damaged | Q22: =IF(ISBLANK(D22),"",IF(EXACT(D22,P22),"","Inconsistent"))
A23: R-1021 | B23: Nina Ivanov | C23: P-120 | D23: Wrong item | E23: 9299.14 | F23: 45702.667 | G23: nina.ivanov@example.com | H23: Australia | I23: Clothing | J23: =IF(OR(ISBLANK(C23),ISBLANK(D23)),"Missing","") | K23: =IF(COUNTIF($A$2:$A$2501,A23)>1,"Duplicate","") | L23: =IF(OR(E23=0,E23>10000),"Unusual","") | M23: =IF(OR(ISBLANK(G23),ISERROR(FIND("@",G23)),ISERROR(FIND(".",G23,FIND("@",G23)+1))),"Invalid","") | N23: =IF(COUNTIF($S$2:$S$6,H23)=0,"Invalid","") | O23: =IF(F23<EDATE(TODAY(),-12),"Outdated","") -> Outdated | P23: =IF(ISBLANK(D23),"",PROPER(TRIM(D23))) -> Wrong Item | Q23: =IF(ISBLANK(D23),"",IF(EXACT(D23,P23),"","Inconsistent")) -> Inconsistent
A24: R-1022 | B24: Elena Sato | C24: P-373 | D24: Not As Described | E24: 9568.04 | F24: 45331.667 | G24: elena.sato@example.com | H24: Australia | I24: Books | J24: =IF(OR(ISBLANK(C24),ISBLANK(D24)),"Missing","") | K24: =IF(COUNTIF($A$2:$A$2501,A24)>1,"Duplicate","") | L24: =IF(OR(E24=0,E24>10000),"Unusual","") | M24: =IF(OR(ISBLANK(G24),ISERROR(FIND("@",G24)),ISERROR(FIND(".",G24,FIND("@",G24)+1))),"Invalid","") | N24: =IF(COUNTIF($S$2:$S$6,H24)=0,"Invalid","") | O24: =IF(F24<EDATE(TODAY(),-12),"Outdated","") -> Outdated | P24: =IF(ISBLANK(D24),"",PROPER(TRIM(D24))) -> Not As Described | Q24: =IF(ISBLANK(D24),"",IF(EXACT(D24,P24),"","Inconsistent"))
A25: R-1023 | B25: Nina Ivanov | C25: P-415 | D25: Wrong Item | E25: 10649.3 | F25: 45793.667 | G25: nina.ivanov@example.com | H25: Germany | I25: Homeware | J25: =IF(OR(ISBLANK(C25),ISBLANK(D25)),"Missing","") | K25: =IF(COUNTIF($A$2:$A$2501,A25)>1,"Duplicate","") | L25: =IF(OR(E25=0,E25>10000),"Unusual","") -> Unusual | M25: =IF(OR(ISBLANK(G25),ISERROR(FIND("@",G25)),ISERROR(FIND(".",G25,FIND("@",G25)+1))),"Invalid","") | N25: =IF(COUNTIF($S$2:$S$6,H25)=0,"Invalid","") | O25: =IF(F25<EDATE(TODAY(),-12),"Outdated","") -> Outdated | P25: =IF(ISBLANK(D25),"",PROPER(TRIM(D25))) -> Wrong Item | Q25: =IF(ISBLANK(D25),"",IF(EXACT(D25,P25),"","Inconsistent"))
A26: R-1024 | B26: Kwame Patel | C26: P-876 | D26: DAMAGED | E26: 4036.15 | F26: 45846.667 | G26: kwame.patel@example.com | H26: Germany | I26: Homeware | J26: =IF(OR(ISBLANK(C26),ISBLANK(D26)),"Missing","") | K26: =IF(COUNTIF($A$2:$A$2501,A26)>1,"Duplicate","") | L26: =IF(OR(E26=0,E26>10000),"Unusual","") | M26: =IF(OR(ISBLANK(G26),ISERROR(FIND("@",G26)),ISERROR(FIND(".",G26,FIND("@",G26)+1))),"Invalid","") | N26: =IF(COUNTIF($S$2:$S$6,H26)=0,"Invalid","") | O26: =IF(F26<EDATE(TODAY(),-12),"Outdated","") | P26: =IF(ISBLANK(D26),"",PROPER(TRIM(D26))) -> Damaged | Q26: =IF(ISBLANK(D26),"",IF(EXACT(D26,P26),"","Inconsistent")) -> Inconsistent
A27: R-2141 | B27: Mei Patel | D27: Wrong Item | E27: 1234.86 | F27: 45686.667 | G27: mei.patel@example.com | H27: Mars | I27: Clothing | J27: =IF(OR(ISBLANK(C27),ISBLANK(D27)),"Missing","") -> Missing | K27: =IF(COUNTIF($A$2:$A$2501,A27)>1,"Duplicate","") -> Duplicate | L27: =IF(OR(E27=0,E27>10000),"Unusual","") | M27: =IF(OR(ISBLANK(G27),ISERROR(FIND("@",G27)),ISERROR(FIND(".",G27,FIND("@",G27)+1))),"Invalid","") | N27: =IF(COUNTIF($S$2:$S$6,H27)=0,"Invalid","") -> Invalid | O27: =IF(F27<EDATE(TODAY(),-12),"Outdated","") -> Outdated | P27: =IF(ISBLANK(D27),"",PROPER(TRIM(D27))) -> Wrong Item | Q27: =IF(ISBLANK(D27),"",IF(EXACT(D27,P27),"","Inconsistent"))
A28: R-1026 | B28: Zara Williams | C28: P-191 | D28: Wrong Item | E28: 4646.95 | F28: 45557.667 | G28: zara.williams@example.com | H28: Canaada | I28: Beauty | J28: =IF(OR(ISBLANK(C28),ISBLANK(D28)),"Missing","") | K28: =IF(COUNTIF($A$2:$A$2501,A28)>1,"Duplicate","") | L28: =IF(OR(E28=0,E28>10000),"Unusual","") | M28: =IF(OR(ISBLANK(G28),ISERROR(FIND("@",G28)),ISERROR(FIND(".",G28,FIND("@",G28)+1))),"Invalid","") | N28: =IF(COUNTIF($S$2:$S$6,H28)=0,"Invalid","") -> Invalid | O28: =IF(F28<EDATE(TODAY(),-12),"Outdated","") -> Outdated | P28: =IF(ISBLANK(D28),"",PROPER(TRIM(D28))) -> Wrong Item | Q28: =IF(ISBLANK(D28),"",IF(EXACT(D28,P28),"","Inconsistent"))
A29: R-1027 | B29: Nina Ivanov | C29: P-554 | D29: Not As Described | E29: 5914.76 | F29: 45353.667 | G29: nina.ivanov@example.com | H29: UK | I29: Books | J29: =IF(OR(ISBLANK(C29),ISBLANK(D29)),"Missing","") | K29: =IF(COUNTIF($A$2:$A$2501,A29)>1,"Duplicate","") | L29: =IF(OR(E29=0,E29>10000),"Unusual","") | M29: =IF(OR(ISBLANK(G29),ISERROR(FIND("@",G29)),ISERROR(FIND(".",G29,FIND("@",G29)+1))),"Invalid","") | N29: =IF(COUNTIF($S$2:$S$6,H29)=0,"Invalid","") | O29: =IF(F29<EDATE(TODAY(),-12),"Outdated","") -> Outdated | P29: =IF(ISBLANK(D29),"",PROPER(TRIM(D29))) -> Not As Described | Q29: =IF(ISBLANK(D29),"",IF(EXACT(D29,P29),"","Inconsistent"))
A30: R-1028 | B30: Nina Ivanov | C30: P-875 | D30: Late Delivery | E30: 8817.14 | F30: 45587.667 | G30: nina.ivanov@example.com | H30: Canaada | I30: Toys | J30: =IF(OR(ISBLANK(C30),ISBLANK(D30)),"Missing","") | K30: =IF(COUNTIF($A$2:$A$2501,A30)>1,"Duplicate","") | L30: =IF(OR(E30=0,E30>10000),"Unusual","") | M30: =IF(OR(ISBLANK(G30),ISERROR(FIND("@",G30)),ISERROR(FIND(".",G30,FIND("@",G30)+1))),"Invalid","") | N30: =IF(COUNTIF($S$2:$S$6,H30)=0,"Invalid","") -> Invalid | O30: =IF(F30<EDATE(TODAY(),-12),"Outdated","") -> Outdated | P30: =IF(ISBLANK(D30),"",PROPER(TRIM(D30))) -> Late Delivery | Q30: =IF(ISBLANK(D30),"",IF(EXACT(D30,P30),"","Inconsistent"))
A31: R-2327 | B31: Samuel Gomez | D31: Damaged | E31: 5889.72 | F31: 45731.667 | G31: samuel.gomez@example.com | H31: Australia | I31: Electronics | J31: =IF(OR(ISBLANK(C31),ISBLANK(D31)),"Missing","") -> Missing | K31: =IF(COUNTIF($A$2:$A$2501,A31)>1,"Duplicate","") -> Duplicate | L31: =IF(OR(E31=0,E31>10000),"Unusual","") | M31: =IF(OR(ISBLANK(G31),ISERROR(FIND("@",G31)),ISERROR(FIND(".",G31,FIND("@",G31)+1))),"Invalid","") | N31: =IF(COUNTIF($S$2:$S$6,H31)=0,"Invalid","") | O31: =IF(F31<EDATE(TODAY(),-12),"Outdated","") -> Outdated | P31: =IF(ISBLANK(D31),"",PROPER(TRIM(D31))) -> Damaged | Q31: =IF(ISBLANK(D31),"",IF(EXACT(D31,P31),"","Inconsistent"))
A32: R-1030 | B32: Lucia Khan | C32: P-661 | D32: Wrong Item | E32: 0 | F32: 45412.667 | G32: lucia.khan@example.com | I32: Books | J32: =IF(OR(ISBLANK(C32),ISBLANK(D32)),"Missing","") | K32: =IF(COUNTIF($A$2:$A$2501,A32)>1,"Duplicate","") | L32: =IF(OR(E32=0,E32>10000),"Unusual","") -> Unusual | M32: =IF(OR(ISBLANK(G32),ISERROR(FIND("@",G32)),ISERROR(FIND(".",G32,FIND("@",G32)+1))),"Invalid","") | N32: =IF(COUNTIF($S$2:$S$6,H32)=0,"Invalid","") -> Invalid | O32: =IF(F32<EDATE(TODAY(),-12),"Outdated","") -> Outdated | P32: =IF(ISBLANK(D32),"",PROPER(TRIM(D32))) -> Wrong Item | Q32: =IF(ISBLANK(D32),"",IF(EXACT(D32,P32),"","Inconsistent"))
A33: R-1031 | B33: Kwame Patel | C33: P-101 | D33: Late Delivery | E33: 7990.29 | F33: 45134.667 | G33: kwame.patel@example.com | H33: Australia | I33: Homeware | J33: =IF(OR(ISBLANK(C33),ISBLANK(D33)),"Missing","") | K33: =IF(COUNTIF($A$2:$A$2501,A33)>1,"Duplicate","") | L33: =IF(OR(E33=0,E33>10000),"Unusual","") | M33: =IF(OR(ISBLANK(G33),ISERROR(FIND("@",G33)),ISERROR(FIND(".",G33,FIND("@",G33)+1))),"Invalid","") | N33: =IF(COUNTIF($S$2:$S$6,H33)=0,"Invalid","") | O33: =IF(F33<EDATE(TODAY(),-12),"Outdated","") -> Outdated | P33: =IF(ISBLANK(D33),"",PROPER(TRIM(D33))) -> Late Delivery | Q33: =IF(ISBLANK(D33),"",IF(EXACT(D33,P33),"","Inconsistent"))
A34: R-1032 | B34: Mei Patel | C34: P-665 | D34: Damaged | E34: 11453.07 | F34: 45291.667 | G34: mei.patel@example.com | H34: Germany | I34: Homeware | J34: =IF(OR(ISBLANK(C34),ISBLANK(D34)),"Missing","") | K34: =IF(COUNTIF($A$2:$A$2501,A34)>1,"Duplicate","") | L34: =IF(OR(E34=0,E34>10000),"Unusual","") -> Unusual | M34: =IF(OR(ISBLANK(G34),ISERROR(FIND("@",G34)),ISERROR(FIND(".",G34,FIND("@",G34)+1))),"Invalid","") | N34: =IF(COUNTIF($S$2:$S$6,H34)=0,"Invalid","") | O34: =IF(F34<EDATE(TODAY(),-12),"Outdated","") -> Outdated | P34: =IF(ISBLANK(D34),"",PROPER(TRIM(D34))) -> Damaged | Q34: =IF(ISBLANK(D34),"",IF(EXACT(D34,P34),"","Inconsistent"))
A35: R-1033 | B35: Victor Adu | C35: P-921 | D35: DAMAGED | E35: 8495.29 | F35: 45842.667 | G35: victor.adu@example.com | H35: UAE | I35: Toys | J35: =IF(OR(ISBLANK(C35),ISBLANK(D35)),"Missing","") | K35: =IF(COUNTIF($A$2:$A$2501,A35)>1,"Duplicate","") | L35: =IF(OR(E35=0,E35>10000),"Unusual","") | M35: =IF(OR(ISBLANK(G35),ISERROR(FIND("@",G35)),ISERROR(FIND(".",G35,FIND("@",G35)+1))),"Invalid","") | N35: =IF(COUNTIF($S$2:$S$6,H35)=0,"Invalid","") -> Invalid | O35: =IF(F35<EDATE(TODAY(),-12),"Outdated","") -> Outdated | P35: =IF(ISBLANK(D35),"",PROPER(TRIM(D35))) -> Damaged | Q35: =IF(ISBLANK(D35),"",IF(EXACT(D35,P35),"","Inconsistent")) -> Inconsistent
A36: R-1034 | B36: Nina Ivanov | D36: Wrong Item | E36: 3028.82 | F36: 45560.667 | H36: Australia | I36: Beauty | J36: =IF(OR(ISBLANK(C36),ISBLANK(D36)),"Missing","") -> Missing | K36: =IF(COUNTIF($A$2:$A$2501,A36)>1,"Duplicate","") | L36: =IF(OR(E36=0,E36>10000),"Unusual","") | M36: =IF(OR(ISBLANK(G36),ISERROR(FIND("@",G36)),ISERROR(FIND(".",G36,FIND("@",G36)+1))),"Invalid","") -> Invalid | N36: =IF(COUNTIF($S$2:$S$6,H36)=0,"Invalid","") | O36: =IF(F36<EDATE(TODAY(),-12),"Outdated","") -> Outdated | P36: =IF(ISBLANK(D36),"",PROPER(TRIM(D36))) -> Wrong Item | Q36: =IF(ISBLANK(D36),"",IF(EXACT(D36,P36),"","Inconsistent"))
A37: R-1035 | B37: Victor Adu | C37: P-655 | D37: Wrong item | E37: 2378.48 | F37: 45476.667 | G37: victor.adu@example.com | H37: Canaada | I37: Clothing | J37: =IF(OR(ISBLANK(C37),ISBLANK(D37)),"Missing","") | K37: =IF(COUNTIF($A$2:$A$2501,A37)>1,"Duplicate","") | L37: =IF(OR(E37=0,E37>10000),"Unusual","") | M37: =IF(OR(ISBLANK(G37),ISERROR(FIND("@",G37)),ISERROR(FIND(".",G37,FIND("@",G37)+1))),"Invalid","") | N37: =IF(COUNTIF($S$2:$S$6,H37)=0,"Invalid","") -> Invalid | O37: =IF(F37<EDATE(TODAY(),-12),"Outdated","") -> Outdated | P37: =IF(ISBLANK(D37),"",PROPER(TRIM(D37))) -> Wrong Item | Q37: =IF(ISBLANK(D37),"",IF(EXACT(D37,P37),"","Inconsistent")) -> Inconsistent
A38: R-1036 | B38: Elena Sato | C38: P-369 | D38: Late Delivery | E38: 11993.61 | F38: 45412.667 | G38: elena.sato@example.com | H38: UK | I38: Toys | J38: =IF(OR(ISBLANK(C38),ISBLANK(D38)),"Missing","") | K38: =IF(COUNTIF($A$2:$A$2501,A38)>1,"Duplicate","") | L38: =IF(OR(E38=0,E38>10000),"Unusual","") -> Unusual | M38: =IF(OR(ISBLANK(G38),ISERROR(FIND("@",G38)),ISERROR(FIND(".",G38,FIND("@",G38)+1))),"Invalid","") | N38: =IF(COUNTIF($S$2:$S$6,H38)=0,"Invalid","") | O38: =IF(F38<EDATE(TODAY(),-12),"Outdated","") -> Outdated | P38: =IF(ISBLANK(D38),"",PROPER(TRIM(D38))) -> Late Delivery | Q38: =IF(ISBLANK(D38),"",IF(EXACT(D38,P38),"","Inconsistent"))
A39: R-2750 | B39: Lucia Khan | C39: P-370 | E39: 5171.85 | F39: 45287.667 | H39: Canaada | I39: Toys | J39: =IF(OR(ISBLANK(C39),ISBLANK(D39)),"Missing","") -> Missing | K39: =IF(COUNTIF($A$2:$A$2501,A39)>1,"Duplicate","") -> Duplicate | L39: =IF(OR(E39=0,E39>10000),"Unusual","") | M39: =IF(OR(ISBLANK(G39),ISERROR(FIND("@",G39)),ISERROR(FIND(".",G39,FIND("@",G39)+1))),"Invalid","") -> Invalid | N39: =IF(COUNTIF($S$2:$S$6,H39)=0,"Invalid","") -> Invalid | O39: =IF(F39<EDATE(TODAY(),-12),"Outdated","") -> Outdated | P39: =IF(ISBLANK(D39),"",PROPER(TRIM(D39))) | Q39: =IF(ISBLANK(D39),"",IF(EXACT(D39,P39),"","Inconsistent"))
A40: R-3494 | B40: Victor Adu | C40: P-826 | D40: Not As Described | E40: 7247.05 | F40: 45348.667 | G40: victor.adu@example.com | H40: UK | I40: Electronics | J40: =IF(OR(ISBLANK(C40),ISBLANK(D40)),"Missing","") | K40: =IF(COUNTIF($A$2:$A$2501,A40)>1,"Duplicate","") | L40: =IF(OR(E40=0,E40>10000),"Unusual","") | M40: =IF(OR(ISBLANK(G40),ISERROR(FIND("@",G40)),ISERROR(FIND(".",G40,FIND("@",G40)+1))),"Invalid","") | N40: =IF(COUNTIF($S$2:$S$6,H40)=0,"Invalid","") | O40: =IF(F40<EDATE(TODAY(),-12),"Outdated","") -> Outdated | P40: =IF(ISBLANK(D40),"",PROPER(TRIM(D40))) -> Not As Described | Q40: =IF(ISBLANK(D40),"",IF(EXACT(D40,P40),"","Inconsistent"))
A41: R-1039 | B41: Elena Sato | C41: P-801 | D41: Not As Described | E41: 0 | F41: 45472.667 | G41: elena.sato@example.com | H41: USA | I41: Homeware | J41: =IF(OR(ISBLANK(C41),ISBLANK(D41)),"Missing","") | K41: =IF(COUNTIF($A$2:$A$2501,A41)>1,"Duplicate","") | L41: =IF(OR(E41=0,E41>10000),"Unusual","") -> Unusual | M41: =IF(OR(ISBLANK(G41),ISERROR(FIND("@",G41)),ISERROR(FIND(".",G41,FIND("@",G41)+1))),"Invalid","") | N41: =IF(COUNTIF($S$2:$S$6,H41)=0,"Invalid","") | O41: =IF(F41<EDATE(TODAY(),-12),"Outdated","") -> Outdated | P41: =IF(ISBLANK(D41),"",PROPER(TRIM(D41))) -> Not As Described | Q41: =IF(ISBLANK(D41),"",IF(EXACT(D41,P41),"","Inconsistent"))
A42: R-1040 | B42: Kwame Patel | C42: P-819 | D42: Damaged | E42: 0 | F42: 45232.667 | G42: kwame.patel@example.com | H42: Germany | I42: Beauty | J42: =IF(OR(ISBLANK(C42),ISBLANK(D42)),"Missing","") | K42: =IF(COUNTIF($A$2:$A$2501,A42)>1,"Duplicate","") | L42: =IF(OR(E42=0,E42>10000),"Unusual","") -> Unusual | M42: =IF(OR(ISBLANK(G42),ISERROR(FIND("@",G42)),ISERROR(FIND(".",G42,FIND("@",G42)+1))),"Invalid","") | N42: =IF(COUNTIF($S$2:$S$6,H42)=0,"Invalid","") | O42: =IF(F42<EDATE(TODAY(),-12),"Outdated","") -> Outdated | P42: =IF(ISBLANK(D42),"",PROPER(TRIM(D42))) -> Damaged | Q42: =IF(ISBLANK(D42),"",IF(EXACT(D42,P42),"","Inconsistent"))
A43: R-1041 | B43: Omar Silva | C43: P-978 | D43: Wrong Item | E43: 0 | F43: 45222.667 | G43: omar.silva@example.com | H43: Germany | I43: Toys | J43: =IF(OR(ISBLANK(C43),ISBLANK(D43)),"Missing","") | K43: =IF(COUNTIF($A$2:$A$2501,A43)>1,"Duplicate","") | L43: =IF(OR(E43=0,E43>10000),"Unusual","") -> Unusual | M43: =IF(OR(ISBLANK(G43),ISERROR(FIND("@",G43)),ISERROR(FIND(".",G43,FIND("@",G43)+1))),"Invalid","") | N43: =IF(COUNTIF($S$2:$S$6,H43)=0,"Invalid","") | O43: =IF(F43<EDATE(TODAY(),-12),"Outdated","") -> Outdated | P43: =IF(ISBLANK(D43),"",PROPER(TRIM(D43))) -> Wrong Item | Q43: =IF(ISBLANK(D43),"",IF(EXACT(D43,P43),"","Inconsistent"))
A44: R-1042 | B44: Zara Williams | C44: P-316 | D44: Wrong Item | E44: 7207.28 | F44: 45517.667 | G44: zara.williams@example.com | H44: Australia | I44: Beauty | J44: =IF(OR(ISBLANK(C44),ISBLANK(D44)),"Missing","") | K44: =IF(COUNTIF($A$2:$A$2501,A44)>1,"Duplicate","") | L44: =IF(OR(E44=0,E44>10000),"Unusual","") | M44: =IF(OR(ISBLANK(G44),ISERROR(FIND("@",G44)),ISERROR(FIND(".",G44,FIND("@",G44)+1))),"Invalid","") | N44: =IF(COUNTIF($S$2:$S$6,H44)=0,"Invalid","") | O44: =IF(F44<EDATE(TODAY(),-12),"Outdated","") -> Outdated | P44: =IF(ISBLANK(D44),"",PROPER(TRIM(D44))) -> Wrong Item | Q44: =IF(ISBLANK(D44),"",IF(EXACT(D44,P44),"","Inconsistent"))
A45: R-1043 | B45: Nina Ivanov | C45: P-479 | D45: Wrong item | E45: 0 | F45: 45227.667 | G45: nina@example | I45: Clothing | J45: =IF(OR(ISBLANK(C45),ISBLANK(D45)),"Missing","") | K45: =IF(COUNTIF($A$2:$A$2501,A45)>1,"Duplicate","") | L45: =IF(OR(E45=0,E45>10000),"Unusual","") -> Unusual | M45: =IF(OR(ISBLANK(G45),ISERROR(FIND("@",G45)),ISERROR(FIND(".",G45,FIND("@",G45)+1))),"Invalid","") -> Invalid | N45: =IF(COUNTIF($S$2:$S$6,H45)=0,"Invalid","") -> Invalid | O45: =IF(F45<EDATE(TODAY(),-12),"Outdated","") -> Outdated | P45: =IF(ISBLANK(D45),"",PROPER(TRIM(D45))) -> Wrong Item | Q45: =IF(ISBLANK(D45),"",IF(EXACT(D45,P45),"","Inconsistent")) -> Inconsistent
A46: R-2235 | B46: Victor Adu | C46: P-256 | E46: 2764.74 | F46: 45495.667 | G46: victor.adu@example.com | H46: Mars | I46: Books | J46: =IF(OR(ISBLANK(C46),ISBLANK(D46)),"Missing","") -> Missing | K46: =IF(COUNTIF($A$2:$A$2501,A46)>1,"Duplicate","") -> Duplicate | L46: =IF(OR(E46=0,E46>10000),"Unusual","") | M46: =IF(OR(ISBLANK(G46),ISERROR(FIND("@",G46)),ISERROR(FIND(".",G46,FIND("@",G46)+1))),"Invalid","") | N46: =IF(COUNTIF($S$2:$S$6,H46)=0,"Invalid","") -> Invalid | O46: =IF(F46<EDATE(TODAY(),-12),"Outdated","") -> Outdated | P46: =IF(ISBLANK(D46),"",PROPER(TRIM(D46))) | Q46: =IF(ISBLANK(D46),"",IF(EXACT(D46,P46),"","Inconsistent"))
A47: R-1045 | B47: Omar Silva | C47: P-164 | D47: Damaged | E47: 11782.77 | F47: 45480.667 | G47: omar.silva@example.com | H47: Australia | I47: Clothing | J47: =IF(OR(ISBLANK(C47),ISBLANK(D47)),"Missing","") | K47: =IF(COUNTIF($A$2:$A$2501,A47)>1,"Duplicate","") | L47: =IF(OR(E47=0,E47>10000),"Unusual","") -> Unusual | M47: =IF(OR(ISBLANK(G47),ISERROR(FIND("@",G47)),ISERROR(FIND(".",G47,FIND("@",G47)+1))),"Invalid","") | N47: =IF(COUNTIF($S$2:$S$6,H47)=0,"Invalid","") | O47: =IF(F47<EDATE(TODAY(),-12),"Outdated","") -> Outdated | P47: =IF(ISBLANK(D47),"",PROPER(TRIM(D47))) -> Damaged | Q47: =IF(ISBLANK(D47),"",IF(EXACT(D47,P47),"","Inconsistent"))
A48: R-1046 | B48: Lucia Khan | D48: Wrong Item | E48: 10598.32 | F48: 45746.667 | G48: lucia.khan@example.com | H48: U.S.A. | I48: Electronics | J48: =IF(OR(ISBLANK(C48),ISBLANK(D48)),"Missing","") -> Missing | K48: =IF(COUNTIF($A$2:$A$2501,A48)>1,"Duplicate","") | L48: =IF(OR(E48=0,E48>10000),"Unusual","") -> Unusual | M48: =IF(OR(ISBLANK(G48),ISERROR(FIND("@",G48)),ISERROR(FIND(".",G48,FIND("@",G48)+1))),"Invalid","") | N48: =IF(COUNTIF($S$2:$S$6,H48)=0,"Invalid","") -> Invalid | O48: =IF(F48<EDATE(TODAY(),-12),"Outdated","") -> Outdated | P48: =IF(ISBLANK(D48),"",PROPER(TRIM(D48))) -> Wrong Item | Q48: =IF(ISBLANK(D48),"",IF(EXACT(D48,P48),"","Inconsistent"))
A49: R-1047 | B49: Samuel Gomez | C49: P-228 | D49: Damaged | E49: 5841.01 | F49: 45398.667 | G49: samuel.gomez@example.com | I49: Beauty | J49: =IF(OR(ISBLANK(C49),ISBLANK(D49)),"Missing","") | K49: =IF(COUNTIF($A$2:$A$2501,A49)>1,"Duplicate","") | L49: =IF(OR(E49=0,E49>10000),"Unusual","") | M49: =IF(OR(ISBLANK(G49),ISERROR(FIND("@",G49)),ISERROR(FIND(".",G49,FIND("@",G49)+1))),"Invalid","") | N49: =IF(COUNTIF($S$2:$S$6,H49)=0,"Invalid","") -> Invalid | O49: =IF(F49<EDATE(TODAY(),-12),"Outdated","") -> Outdated | P49: =IF(ISBLANK(D49),"",PROPER(TRIM(D49))) -> Damaged | Q49: =IF(ISBLANK(D49),"",IF(EXACT(D49,P49),"","Inconsistent"))
A50: R-1048 | B50: Kwame Patel | C50: P-571 | D50: Late Delivery | E50: 10223.63 | F50: 45172.667 | G50: kwame.patel@example.com | H50: UAE | I50: Beauty | J50: =IF(OR(ISBLANK(C50),ISBLANK(D50)),"Missing","") | K50: =IF(COUNTIF($A$2:$A$2501,A50)>1,"Duplicate","") | L50: =IF(OR(E50=0,E50>10000),"Unusual","") -> Unusual | M50: =IF(OR(ISBLANK(G50),ISERROR(FIND("@",G50)),ISERROR(FIND(".",G50,FIND("@",G50)+1))),"Invalid","") | N50: =IF(COUNTIF($S$2:$S$6,H50)=0,"Invalid","") -> Invalid | O50: =IF(F50<EDATE(TODAY(),-12),"Outdated","") -> Outdated | P50: =IF(ISBLANK(D50),"",PROPER(TRIM(D50))) -> Late Delivery | Q50: =IF(ISBLANK(D50),"",IF(EXACT(D50,P50),"","Inconsistent"))
A51: R-1049 | B51: Zara Williams | D51: Late Delivery | E51: 3136.77 | F51: 45598.667 | G51: zara.williams@example.com | H51: UAE | I51: Homeware | J51: =IF(OR(ISBLANK(C51),ISBLANK(D51)),"Missing","") -> Missing | K51: =IF(COUNTIF($A$2:$A$2501,A51)>1,"Duplicate","") | L51: =IF(OR(E51=0,E51>10000),"Unusual","") | M51: =IF(OR(ISBLANK(G51),ISERROR(FIND("@",G51)),ISERROR(FIND(".",G51,FIND("@",G51)+1))),"Invalid","") | N51: =IF(COUNTIF($S$2:$S$6,H51)=0,"Invalid","") -> Invalid | O51: =IF(F51<EDATE(TODAY(),-12),"Outdated","") -> Outdated | P51: =IF(ISBLANK(D51),"",PROPER(TRIM(D51))) -> Late Delivery | Q51: =IF(ISBLANK(D51),"",IF(EXACT(D51,P51),"","Inconsistent"))
A52: R-1050 | B52: Lucia Khan | C52: P-491 | D52: Not As Described | E52: 8715.64 | F52: 45677.667 | G52: lucia.khan@example.com | H52: Mars | I52: Beauty | J52: =IF(OR(ISBLANK(C52),ISBLANK(D52)),"Missing","") | K52: =IF(COUNTIF($A$2:$A$2501,A52)>1,"Duplicate","") | L52: =IF(OR(E52=0,E52>10000),"Unusual","") | M52: =IF(OR(ISBLANK(G52),ISERROR(FIND("@",G52)),ISERROR(FIND(".",G52,FIND("@",G52)+1))),"Invalid","") | N52: =IF(COUNTIF($S$2:$S$6,H52)=0,"Invalid","") -> Invalid | O52: =IF(F52<EDATE(TODAY(),-12),"Outdated","") -> Outdated | P52: =IF(ISBLANK(D52),"",PROPER(TRIM(D52))) -> Not As Described | Q52: =IF(ISBLANK(D52),"",IF(EXACT(D52,P52),"","Inconsistent"))
A53: R-1051 | B53: Kwame Patel | C53: P-388 | D53: damaged | E53: 5389 | F53: 45255.667 | G53: kwame.patel@example.com | H53: Canada | I53: Beauty | J53: =IF(OR(ISBLANK(C53),ISBLANK(D53)),"Missing","") | K53: =IF(COUNTIF($A$2:$A$2501,A53)>1,"Duplicate","") | L53: =IF(OR(E53=0,E53>10000),"Unusual","") | M53: =IF(OR(ISBLANK(G53),ISERROR(FIND("@",G53)),ISERROR(FIND(".",G53,FIND("@",G53)+1))),"Invalid","") | N53: =IF(COUNTIF($S$2:$S$6,H53)=0,"Invalid","") | O53: =IF(F53<EDATE(TODAY(),-12),"Outdated","") -> Outdated | P53: =IF(ISBLANK(D53),"",PROPER(TRIM(D53))) -> Damaged | Q53: =IF(ISBLANK(D53),"",IF(EXACT(D53,P53),"","Inconsistent")) -> Inconsistent
A54: R-1052 | B54: Samuel Gomez | C54: P-589 | D54: Wrong Item | E54: 6564.76 | F54: 45515.667 | H54: USA | I54: Beauty | J54: =IF(OR(ISBLANK(C54),ISBLANK(D54)),"Missing","") | K54: =IF(COUNTIF($A$2:$A$2501,A54)>1,"Duplicate","") | L54: =IF(OR(E54=0,E54>10000),"Unusual","") | M54: =IF(OR(ISBLANK(G54),ISERROR(FIND("@",G54)),ISERROR(FIND(".",G54,FIND("@",G54)+1))),"Invalid","") -> Invalid | N54: =IF(COUNTIF($S$2:$S$6,H54)=0,"Invalid","") | O54: =IF(F54<EDATE(TODAY(),-12),"Outdated","") -> Outdated | P54: =IF(ISBLANK(D54),"",PROPER(TRIM(D54))) -> Wrong Item | Q54: =IF(ISBLANK(D54),"",IF(EXACT(D54,P54),"","Inconsistent"))
A55: R-1053 | B55: Elena Sato | C55: P-140 | D55: Late Delivery | E55: 9045.22 | F55: 45208.667 | G55: elena.sato@example.com | H55: Mars | I55: Clothing | J55: =IF(OR(ISBLANK(C55),ISBLANK(D55)),"Missing","") | K55: =IF(COUNTIF($A$2:$A$2501,A55)>1,"Duplicate","") | L55: =IF(OR(E55=0,E55>10000),"Unusual","") | M55: =IF(OR(ISBLANK(G55),ISERROR(FIND("@",G55)),ISERROR(FIND(".",G55,FIND("@",G55)+1))),"Invalid","") | N55: =IF(COUNTIF($S$2:$S$6,H55)=0,"Invalid","") -> Invalid | O55: =IF(F55<EDATE(TODAY(),-12),"Outdated","") -> Outdated | P55: =IF(ISBLANK(D55),"",PROPER(TRIM(D55))) -> Late Delivery | Q55: =IF(ISBLANK(D55),"",IF(EXACT(D55,P55),"","Inconsistent"))
A56: R-1054 | B56: Samuel Gomez | C56: P-300 | D56: Damaged | E56: 6480.95 | F56: 45693.667 | G56: samuel.gomez@example.com | H56: UK | I56: Beauty | J56: =IF(OR(ISBLANK(C56),ISBLANK(D56)),"Missing","") | K56: =IF(COUNTIF($A$2:$A$2501,A56)>1,"Duplicate","") | L56: =IF(OR(E56=0,E56>10000),"Unusual","") | M56: =IF(OR(ISBLANK(G56),ISERROR(FIND("@",G56)),ISERROR(FIND(".",G56,FIND("@",G56)+1))),"Invalid","") | N56: =IF(COUNTIF($S$2:$S$6,H56)=0,"Invalid","") | O56: =IF(F56<EDATE(TODAY(),-12),"Outdated","") -> Outdated | P56: =IF(ISBLANK(D56),"",PROPER(TRIM(D56))) -> Damaged | Q56: =IF(ISBLANK(D56),"",IF(EXACT(D56,P56),"","Inconsistent"))
A57: R-1055 | B57: Victor Adu | C57: P-132 | D57: Damaged | E57: 8730.76 | F57: 45428.667 | G57: victor.adu@example.com | H57: U.S.A. | I57: Homeware | J57: =IF(OR(ISBLANK(C57),ISBLANK(D57)),"Missing","") | K57: =IF(COUNTIF($A$2:$A$2501,A57)>1,"Duplicate","") | L57: =IF(OR(E57=0,E57>10000),"Unusual","") | M57: =IF(OR(ISBLANK(G57),ISERROR(FIND("@",G57)),ISERROR(FIND(".",G57,FIND("@",G57)+1))),"Invalid","") | N57: =IF(COUNTIF($S$2:$S$6,H57)=0,"Invalid","") -> Invalid | O57: =IF(F57<EDATE(TODAY(),-12),"Outdated","") -> Outdated | P57: =IF(ISBLANK(D57),"",PROPER(TRIM(D57))) -> Damaged | Q57: =IF(ISBLANK(D57),"",IF(EXACT(D57,P57),"","Inconsistent"))
A58: R-1614 | B58: Zara Williams | C58: P-506 | D58: Wrong Item | E58: 4317.47 | F58: 45771.667 | G58: zara.williams@example.com | H58: Canaada | I58: Books | J58: =IF(OR(ISBLANK(C58),ISBLANK(D58)),"Missing","") | K58: =IF(COUNTIF($A$2:$A$2501,A58)>1,"Duplicate","") -> Duplicate | L58: =IF(OR(E58=0,E58>10000),"Unusual","") | M58: =IF(OR(ISBLANK(G58),ISERROR(FIND("@",G58)),ISERROR(FIND(".",G58,FIND("@",G58)+1))),"Invalid","") | N58: =IF(COUNTIF($S$2:$S$6,H58)=0,"Invalid","") -> Invalid | O58: =IF(F58<EDATE(TODAY(),-12),"Outdated","") -> Outdated | P58: =IF(ISBLANK(D58),"",PROPER(TRIM(D58))) -> Wrong Item | Q58: =IF(ISBLANK(D58),"",IF(EXACT(D58,P58),"","Inconsistent"))
A59: R-1057 | B59: Mei Patel | C59: P-904 | D59: Wrong Item | E59: 11645.26 | F59: 45761.667 | G59: mei.patel@example.com | H59: UAE | I59: Beauty | J59: =IF(OR(ISBLANK(C59),ISBLANK(D59)),"Missing","") | K59: =IF(COUNTIF($A$2:$A$2501,A59)>1,"Duplicate","") | L59: =IF(OR(E59=0,E59>10000),"Unusual","") -> Unusual | M59: =IF(OR(ISBLANK(G59),ISERROR(FIND("@",G59)),ISERROR(FIND(".",G59,FIND("@",G59)+1))),"Invalid","") | N59: =IF(COUNTIF($S$2:$S$6,H59)=0,"Invalid","") -> Invalid | O59: =IF(F59<EDATE(TODAY(),-12),"Outdated","") -> Outdated | P59: =IF(ISBLANK(D59),"",PROPER(TRIM(D59))) -> Wrong Item | Q59: =IF(ISBLANK(D59),"",IF(EXACT(D59,P59),"","Inconsistent"))
A60: R-1058 | B60: Nina Ivanov | C60: P-971 | D60: Wrong item | E60: 3222.06 | F60: 45498.667 | G60: nina.ivanov@example.com | H60: Australia | I60: Beauty | J60: =IF(OR(ISBLANK(C60),ISBLANK(D60)),"Missing","") | K60: =IF(COUNTIF($A$2:$A$2501,A60)>1,"Duplicate","") | L60: =IF(OR(E60=0,E60>10000),"Unusual","") | M60: =IF(OR(ISBLANK(G60),ISERROR(FIND("@",G60)),ISERROR(FIND(".",G60,FIND("@",G60)+1))),"Invalid","") | N60: =IF(COUNTIF($S$2:$S$6,H60)=0,"Invalid","") | O60: =IF(F60<EDATE(TODAY(),-12),"Outdated","") -> Outdated | P60: =IF(ISBLANK(D60),"",PROPER(TRIM(D60))) -> Wrong Item | Q60: =IF(ISBLANK(D60),"",IF(EXACT(D60,P60),"","Inconsistent")) -> Inconsistent
A61: R-1059 | B61: Nina Ivanov | C61: P-646 | D61: Damaged | E61: 10040.76 | F61: 45719.667 | G61: nina.ivanov@example.com | H61: Canaada | I61: Books | J61: =IF(OR(ISBLANK(C61),ISBLANK(D61)),"Missing","") | K61: =IF(COUNTIF($A$2:$A$2501,A61)>1,"Duplicate","") | L61: =IF(OR(E61=0,E61>10000),"Unusual","") -> Unusual | M61: =IF(OR(ISBLANK(G61),ISERROR(FIND("@",G61)),ISERROR(FIND(".",G61,FIND("@",G61)+1))),"Invalid","") | N61: =IF(COUNTIF($S$2:$S$6,H61)=0,"Invalid","") -> Invalid | O61: =IF(F61<EDATE(TODAY(),-12),"Outdated","") -> Outdated | P61: =IF(ISBLANK(D61),"",PROPER(TRIM(D61))) -> Damaged | Q61: =IF(ISBLANK(D61),"",IF(EXACT(D61,P61),"","Inconsistent"))
A62: R-1060 | B62: Elena Sato | C62: P-712 | D62: Late Delivery | E62: 3323.46 | F62: 45324.667 | G62: elena.sato@example.com | H62: Canaada | I62: Books | J62: =IF(OR(ISBLANK(C62),ISBLANK(D62)),"Missing","") | K62: =IF(COUNTIF($A$2:$A$2501,A62)>1,"Duplicate","") | L62: =IF(OR(E62=0,E62>10000),"Unusual","") | M62: =IF(OR(ISBLANK(G62),ISERROR(FIND("@",G62)),ISERROR(FIND(".",G62,FIND("@",G62)+1))),"Invalid","") | N62: =IF(COUNTIF($S$2:$S$6,H62)=0,"Invalid","") -> Invalid | O62: =IF(F62<EDATE(TODAY(),-12),"Outdated","") -> Outdated | P62: =IF(ISBLANK(D62),"",PROPER(TRIM(D62))) -> Late Delivery | Q62: =IF(ISBLANK(D62),"",IF(EXACT(D62,P62),"","Inconsistent"))
A63: R-1061 | B63: Lucia Khan | C63: P-742 | D63: DAMAGED | E63: 0 | F63: 45849.667 | G63: lucia.khan@example.com | I63: Clothing | J63: =IF(OR(ISBLANK(C63),ISBLANK(D63)),"Missing","") | K63: =IF(COUNTIF($A$2:$A$2501,A63)>1,"Duplicate","") | L63: =IF(OR(E63=0,E63>10000),"Unusual","") -> Unusual | M63: =IF(OR(ISBLANK(G63),ISERROR(FIND("@",G63)),ISERROR(FIND(".",G63,FIND("@",G63)+1))),"Invalid","") | N63: =IF(COUNTIF($S$2:$S$6,H63)=0,"Invalid","") -> Invalid | O63: =IF(F63<EDATE(TODAY(),-12),"Outdated","") | P63: =IF(ISBLANK(D63),"",PROPER(TRIM(D63))) -> Damaged | Q63: =IF(ISBLANK(D63),"",IF(EXACT(D63,P63),"","Inconsistent")) -> Inconsistent
A64: R-1062 | B64: Zara Williams | C64: P-317 | D64: Not As Described | E64: 2858.51 | F64: 45199.667 | G64: zara.williams@example.com | H64: Germany | I64: Toys | J64: =IF(OR(ISBLANK(C64),ISBLANK(D64)),"Missing","") | K64: =IF(COUNTIF($A$2:$A$2501,A64)>1,"Duplicate","") -> Duplicate | L64: =IF(OR(E64=0,E64>10000),"Unusual","") | M64: =IF(OR(ISBLANK(G64),ISERROR(FIND("@",G64)),ISERROR(FIND(".",G64,FIND("@",G64)+1))),"Invalid","") | N64: =IF(COUNTIF($S$2:$S$6,H64)=0,"Invalid","") | O64: =IF(F64<EDATE(TODAY(),-12),"Outdated","") -> Outdated | P64: =IF(ISBLANK(D64),"",PROPER(TRIM(D64))) -> Not As Described | Q64: =IF(ISBLANK(D64),"",IF(EXACT(D64,P64),"","Inconsistent"))
A65: R-1063 | B65: Elena Sato | C65: P-497 | D65: Wrong Item | E65: 5324.42 | F65: 45174.667 | G65: elena.sato@example.com | H65: Canada | I65: Clothing | J65: =IF(OR(ISBLANK(C65),ISBLANK(D65)),"Missing","") | K65: =IF(COUNTIF($A$2:$A$2501,A65)>1,"Duplicate","") | L65: =IF(OR(E65=0,E65>10000),"Unusual","") | M65: =IF(OR(ISBLANK(G65),ISERROR(FIND("@",G65)),ISERROR(FIND(".",G65,FIND("@",G65)+1))),"Invalid","") | N65: =IF(COUNTIF($S$2:$S$6,H65)=0,"Invalid","") | O65: =IF(F65<EDATE(TODAY(),-12),"Outdated","") -> Outdated | P65: =IF(ISBLANK(D65),"",PROPER(TRIM(D65))) -> Wrong Item | Q65: =IF(ISBLANK(D65),"",IF(EXACT(D65,P65),"","Inconsistent"))
A66: R-1064 | B66: Mei Patel | C66: P-492 | D66: Late Delivery | E66: 4935.96 | F66: 45805.667 | G66: mei.patel@example.com | H66: Canada | I66: Homeware | J66: =IF(OR(ISBLANK(C66),ISBLANK(D66)),"Missing","") | K66: =IF(COUNTIF($A$2:$A$2501,A66)>1,"Duplicate","") | L66: =IF(OR(E66=0,E66>10000),"Unusual","") | M66: =IF(OR(ISBLANK(G66),ISERROR(FIND("@",G66)),ISERROR(FIND(".",G66,FIND("@",G66)+1))),"Invalid","") | N66: =IF(COUNTIF($S$2:$S$6,H66)=0,"Invalid","") | O66: =IF(F66<EDATE(TODAY(),-12),"Outdated","") -> Outdated | P66: =IF(ISBLANK(D66),"",PROPER(TRIM(D66))) -> Late Delivery | Q66: =IF(ISBLANK(D66),"",IF(EXACT(D66,P66),"","Inconsistent"))
A67: R-1065 | B67: Victor Adu | C67: P-957 | D67: Damaged | E67: 6291.78 | F67: 45361.667 | G67: victor@example | H67: Earth | I67: Toys | J67: =IF(OR(ISBLANK(C67),ISBLANK(D67)),"Missing","") | K67: =IF(COUNTIF($A$2:$A$2501,A67)>1,"Duplicate","") | L67: =IF(OR(E67=0,E67>10000),"Unusual","") | M67: =IF(OR(ISBLANK(G67),ISERROR(FIND("@",G67)),ISERROR(FIND(".",G67,FIND("@",G67)+1))),"Invalid","") -> Invalid | N67: =IF(COUNTIF($S$2:$S$6,H67)=0,"Invalid","") -> Invalid | O67: =IF(F67<EDATE(TODAY(),-12),"Outdated","") -> Outdated | P67: =IF(ISBLANK(D67),"",PROPER(TRIM(D67))) -> Damaged | Q67: =IF(ISBLANK(D67),"",IF(EXACT(D67,P67),"","Inconsistent"))
A68: R-1066 | B68: Victor Adu | D68: Not As Described | E68: 7292.23 | F68: 45424.667 | G68: victor.adu@example.com | H68: USA | I68: Toys | J68: =IF(OR(ISBLANK(C68),ISBLANK(D68)),"Missing","") -> Missing | K68: =IF(COUNTIF($A$2:$A$2501,A68)>1,"Duplicate","") | L68: =IF(OR(E68=0,E68>10000),"Unusual","") | M68: =IF(OR(ISBLANK(G68),ISERROR(FIND("@",G68)),ISERROR(FIND(".",G68,FIND("@",G68)+1))),"Invalid","") | N68: =IF(COUNTIF($S$2:$S$6,H68)=0,"Invalid","") | O68: =IF(F68<EDATE(TODAY(),-12),"Outdated","") -> Outdated | P68: =IF(ISBLANK(D68),"",PROPER(TRIM(D68))) -> Not As Described | Q68: =IF(ISBLANK(D68),"",IF(EXACT(D68,P68),"","Inconsistent"))
A69: R-1067 | B69: Samuel Gomez | C69: P-674 | D69: Not As Described | E69: 10093.29 | F69: 45209.667 | G69: samuel.gomez@example.com | H69: USA | I69: Electronics | J69: =IF(OR(ISBLANK(C69),ISBLANK(D69)),"Missing","") | K69: =IF(COUNTIF($A$2:$A$2501,A69)>1,"Duplicate","") | L69: =IF(OR(E69=0,E69>10000),"Unusual","") -> Unusual | M69: =IF(OR(ISBLANK(G69),ISERROR(FIND("@",G69)),ISERROR(FIND(".",G69,FIND("@",G69)+1))),"Invalid","") | N69: =IF(COUNTIF($S$2:$S$6,H69)=0,"Invalid","") | O69: =IF(F69<EDATE(TODAY(),-12),"Outdated","") -> Outdated | P69: =IF(ISBLANK(D69),"",PROPER(TRIM(D69))) -> Not As Described | Q69: =IF(ISBLANK(D69),"",IF(EXACT(D69,P69),"","Inconsistent"))
A70: R-1068 | B70: Nina Ivanov | C70: P-340 | D70: Not As Described | E70: 0 | F70: 45366.667 | G70: nina.ivanov@example.com | H70: U.S.A. | I70: Books | J70: =IF(OR(ISBLANK(C70),ISBLANK(D70)),"Missing","") | K70: =IF(COUNTIF($A$2:$A$2501,A70)>1,"Duplicate","") | L70: =IF(OR(E70=0,E70>10000),"Unusual","") -> Unusual | M70: =IF(OR(ISBLANK(G70),ISERROR(FIND("@",G70)),ISERROR(FIND(".",G70,FIND("@",G70)+1))),"Invalid","") | N70: =IF(COUNTIF($S$2:$S$6,H70)=0,"Invalid","") -> Invalid | O70: =IF(F70<EDATE(TODAY(),-12),"Outdated","") -> Outdated | P70: =IF(ISBLANK(D70),"",PROPER(TRIM(D70))) -> Not As Described | Q70: =IF(ISBLANK(D70),"",IF(EXACT(D70,P70),"","Inconsistent"))
A71: R-2624 | B71: Omar Silva | C71: P-195 | D71: Damaged | E71: 3441.2 | F71: 45231.667 | G71: omar.silva@example.com | H71: Australia | I71: Clothing | J71: =IF(OR(ISBLANK(C71),ISBLANK(D71)),"Missing","") | K71: =IF(COUNTIF($A$2:$A$2501,A71)>1,"Duplicate","") -> Duplicate | L71: =IF(OR(E71=0,E71>10000),"Unusual","") | M71: =IF(OR(ISBLANK(G71),ISERROR(FIND("@",G71)),ISERROR(FIND(".",G71,FIND("@",G71)+1))),"Invalid","") | N71: =IF(COUNTIF($S$2:$S$6,H71)=0,"Invalid","") | O71: =IF(F71<EDATE(TODAY(),-12),"Outdated","") -> Outdated | P71: =IF(ISBLANK(D71),"",PROPER(TRIM(D71))) -> Damaged | Q71: =IF(ISBLANK(D71),"",IF(EXACT(D71,P71),"","Inconsistent"))
A72: R-1070 | B72: Zara Williams | C72: P-584 | E72: 3352.14 | F72: 45517.667 | G72: zara.williams@example.com | H72: Mars | I72: Electronics | J72: =IF(OR(ISBLANK(C72),ISBLANK(D72)),"Missing","") -> Missing | K72: =IF(COUNTIF($A$2:$A$2501,A72)>1,"Duplicate","") | L72: =IF(OR(E72=0,E72>10000),"Unusual","") | M72: =IF(OR(ISBLANK(G72),ISERROR(FIND("@",G72)),ISERROR(FIND(".",G72,FIND("@",G72)+1))),"Invalid","") | N72: =IF(COUNTIF($S$2:$S$6,H72)=0,"Invalid","") -> Invalid | O72: =IF(F72<EDATE(TODAY(),-12),"Outdated","") -> Outdated | P72: =IF(ISBLANK(D72),"",PROPER(TRIM(D72))) | Q72: =IF(ISBLANK(D72),"",IF(EXACT(D72,P72),"","Inconsistent"))
A73: R-1071 | B73: Omar Silva | C73: P-848 | D73: Wrong Item | E73: 11078.02 | F73: 45412.667 | G73: omar@example | H73: U.S.A. | I73: Homeware | J73: =IF(OR(ISBLANK(C73),ISBLANK(D73)),"Missing","") | K73: =IF(COUNTIF($A$2:$A$2501,A73)>1,"Duplicate","") | L73: =IF(OR(E73=0,E73>10000),"Unusual","") -> Unusual | M73: =IF(OR(ISBLANK(G73),ISERROR(FIND("@",G73)),ISERROR(FIND(".",G73,FIND("@",G73)+1))),"Invalid","") -> Invalid | N73: =IF(COUNTIF($S$2:$S$6,H73)=0,"Invalid","") -> Invalid | O73: =IF(F73<EDATE(TODAY(),-12),"Outdated","") -> Outdated | P73: =IF(ISBLANK(D73),"",PROPER(TRIM(D73))) -> Wrong Item | Q73: =IF(ISBLANK(D73),"",IF(EXACT(D73,P73),"","Inconsistent"))
A74: R-1072 | B74: Samuel Gomez | C74: P-640 | D74: Wrong Item | E74: 10489.31 | F74: 45592.667 | G74: samuel.gomez@example.com | I74: Electronics | J74: =IF(OR(ISBLANK(C74),ISBLANK(D74)),"Missing","") | K74: =IF(COUNTIF($A$2:$A$2501,A74)>1,"Duplicate","") | L74: =IF(OR(E74=0,E74>10000),"Unusual","") -> Unusual | M74: =IF(OR(ISBLANK(G74),ISERROR(FIND("@",G74)),ISERROR(FIND(".",G74,FIND("@",G74)+1))),"Invalid","") | N74: =IF(COUNTIF($S$2:$S$6,H74)=0,"Invalid","") -> Invalid | O74: =IF(F74<EDATE(TODAY(),-12),"Outdated","") -> Outdated | P74: =IF(ISBLANK(D74),"",PROPER(TRIM(D74))) -> Wrong Item | Q74: =IF(ISBLANK(D74),"",IF(EXACT(D74,P74),"","Inconsistent"))
A75: R-1073 | B75: Lucia Khan | C75: P-259 | D75: Damaged | E75: 0 | F75: 45778.667 | H75: UAE | I75: Books | J75: =IF(OR(ISBLANK(C75),ISBLANK(D75)),"Missing","") | K75: =IF(COUNTIF($A$2:$A$2501,A75)>1,"Duplicate","") | L75: =IF(OR(E75=0,E75>10000),"Unusual","") -> Unusual | M75: =IF(OR(ISBLANK(G75),ISERROR(FIND("@",G75)),ISERROR(FIND(".",G75,FIND("@",G75)+1))),"Invalid","") -> Invalid | N75: =IF(COUNTIF($S$2:$S$6,H75)=0,"Invalid","") -> Invalid | O75: =IF(F75<EDATE(TODAY(),-12),"Outdated","") -> Outdated | P75: =IF(ISBLANK(D75),"",PROPER(TRIM(D75))) -> Damaged | Q75: =IF(ISBLANK(D75),"",IF(EXACT(D75,P75),"","Inconsistent"))
A76: R-1074 | B76: Victor Adu | C76: P-342 | D76: Wrong Item | E76: 0 | F76: 45501.667 | G76: victor.adu@example.com | I76: Electronics | J76: =IF(OR(ISBLANK(C76),ISBLANK(D76)),"Missing","") | K76: =IF(COUNTIF($A$2:$A$2501,A76)>1,"Duplicate","") | L76: =IF(OR(E76=0,E76>10000),"Unusual","") -> Unusual | M76: =IF(OR(ISBLANK(G76),ISERROR(FIND("@",G76)),ISERROR(FIND(".",G76,FIND("@",G76)+1))),"Invalid","") | N76: =IF(COUNTIF($S$2:$S$6,H76)=0,"Invalid","") -> Invalid | O76: =IF(F76<EDATE(TODAY(),-12),"Outdated","") -> Outdated | P76: =IF(ISBLANK(D76),"",PROPER(TRIM(D76))) -> Wrong Item | Q76: =IF(ISBLANK(D76),"",IF(EXACT(D76,P76),"","Inconsistent"))
A77: R-1075 | B77: Nina Ivanov | C77: P-677 | D77: Wrong Item | E77: 7566.67 | F77: 45294.667 | G77: nina.ivanov@example.com | H77: USA | I77: Beauty | J77: =IF(OR(ISBLANK(C77),ISBLANK(D77)),"Missing","") | K77: =IF(COUNTIF($A$2:$A$2501,A77)>1,"Duplicate","") | L77: =IF(OR(E77=0,E77>10000),"Unusual","") | M77: =IF(OR(ISBLANK(G77),ISERROR(FIND("@",G77)),ISERROR(FIND(".",G77,FIND("@",G77)+1))),"Invalid","") | N77: =IF(COUNTIF($S$2:$S$6,H77)=0,"Invalid","") | O77: =IF(F77<EDATE(TODAY(),-12),"Outdated","") -> Outdated | P77: =IF(ISBLANK(D77),"",PROPER(TRIM(D77))) -> Wrong Item | Q77: =IF(ISBLANK(D77),"",IF(EXACT(D77,P77),"","Inconsistent"))
A78: R-1076 | B78: Mei Patel | C78: P-673 | E78: 2513.01 | F78: 45507.667 | G78: mei.patel@example.com | H78: USA | I78: Books | J78: =IF(OR(ISBLANK(C78),ISBLANK(D78)),"Missing","") -> Missing | K78: =IF(COUNTIF($A$2:$A$2501,A78)>1,"Duplicate","") | L78: =IF(OR(E78=0,E78>10000),"Unusual","") | M78: =IF(OR(ISBLANK(G78),ISERROR(FIND("@",G78)),ISERROR(FIND(".",G78,FIND("@",G78)+1))),"Invalid","") | N78: =IF(COUNTIF($S$2:$S$6,H78)=0,"Invalid","") | O78: =IF(F78<EDATE(TODAY(),-12),"Outdated","") -> Outdated | P78: =IF(ISBLANK(D78),"",PROPER(TRIM(D78))) | Q78: =IF(ISBLANK(D78),"",IF(EXACT(D78,P78),"","Inconsistent"))
A79: R-1077 | B79: Mei Patel | C79: P-745 | D79: DAMAGED | E79: 8846.63 | F79: 45491.667 | G79: mei.patel@example.com | H79: Germany | I79: Toys | J79: =IF(OR(ISBLANK(C79),ISBLANK(D79)),"Missing","") | K79: =IF(COUNTIF($A$2:$A$2501,A79)>1,"Duplicate","") | L79: =IF(OR(E79=0,E79>10000),"Unusual","") | M79: =IF(OR(ISBLANK(G79),ISERROR(FIND("@",G79)),ISERROR(FIND(".",G79,FIND("@",G79)+1))),"Invalid","") | N79: =IF(COUNTIF($S$2:$S$6,H79)=0,"Invalid","") | O79: =IF(F79<EDATE(TODAY(),-12),"Outdated","") -> Outdated | P79: =IF(ISBLANK(D79),"",PROPER(TRIM(D79))) -> Damaged | Q79: =IF(ISBLANK(D79),"",IF(EXACT(D79,P79),"","Inconsistent")) -> Inconsistent
A80: R-1078 | B80: Mei Patel | C80: P-719 | D80: Damaged | E80: 5660.39 | F80: 45342.667 | G80: mei.patel@example.com | H80: Earth | I80: Electronics | J80: =IF(OR(ISBLANK(C80),ISBLANK(D80)),"Missing","") | K80: =IF(COUNTIF($A$2:$A$2501,A80)>1,"Duplicate","") | L80: =IF(OR(E80=0,E80>10000),"Unusual","") | M80: =IF(OR(ISBLANK(G80),ISERROR(FIND("@",G80)),ISERROR(FIND(".",G80,FIND("@",G80)+1))),"Invalid","") | N80: =IF(COUNTIF($S$2:$S$6,H80)=0,"Invalid","") -> Invalid | O80: =IF(F80<EDATE(TODAY(),-12),"Outdated","") -> Outdated | P80: =IF(ISBLANK(D80),"",PROPER(TRIM(D80))) -> Damaged | Q80: =IF(ISBLANK(D80),"",IF(EXACT(D80,P80),"","Inconsistent"))
A81: R-1079 | B81: Zara Williams | C81: P-897 | D81: Damaged | E81: 8113.89 | F81: 45814.667 | G81: zara.williams@example.com | I81: Homeware | J81: =IF(OR(ISBLANK(C81),ISBLANK(D81)),"Missing","") | K81: =IF(COUNTIF($A$2:$A$2501,A81)>1,"Duplicate","") | L81: =IF(OR(E81=0,E81>10000),"Unusual","") | M81: =IF(OR(ISBLANK(G81),ISERROR(FIND("@",G81)),ISERROR(FIND(".",G81,FIND("@",G81)+1))),"Invalid","") | N81: =IF(COUNTIF($S$2:$S$6,H81)=0,"Invalid","") -> Invalid | O81: =IF(F81<EDATE(TODAY(),-12),"Outdated","") -> Outdated | P81: =IF(ISBLANK(D81),"",PROPER(TRIM(D81))) -> Damaged | Q81: =IF(ISBLANK(D81),"",IF(EXACT(D81,P81),"","Inconsistent"))
A82: R-1080 | B82: Nina Ivanov | C82: P-739 | D82: Damaged | E82: 8757.25 | F82: 45401.667 | G82: nina.ivanov@example.com | H82: Canaada | I82: Beauty | J82: =IF(OR(ISBLANK(C82),ISBLANK(D82)),"Missing","") | K82: =IF(COUNTIF($A$2:$A$2501,A82)>1,"Duplicate","") | L82: =IF(OR(E82=0,E82>10000),"Unusual","") | M82: =IF(OR(ISBLANK(G82),ISERROR(FIND("@",G82)),ISERROR(FIND(".",G82,FIND("@",G82)+1))),"Invalid","") | N82: =IF(COUNTIF($S$2:$S$6,H82)=0,"Invalid","") -> Invalid | O82: =IF(F82<EDATE(TODAY(),-12),"Outdated","") -> Outdated | P82: =IF(ISBLANK(D82),"",PROPER(TRIM(D82))) -> Damaged | Q82: =IF(ISBLANK(D82),"",IF(EXACT(D82,P82),"","Inconsistent"))
A83: R-1081 | B83: Victor Adu | C83: P-447 | D83: Damaged | E83: 960.22 | F83: 45846.667 | G83: victor.adu@example.com | H83: Germany | I83: Electronics | J83: =IF(OR(ISBLANK(C83),ISBLANK(D83)),"Missing","") | K83: =IF(COUNTIF($A$2:$A$2501,A83)>1,"Duplicate","") | L83: =IF(OR(E83=0,E83>10000),"Unusual","") | M83: =IF(OR(ISBLANK(G83),ISERROR(FIND("@",G83)),ISERROR(FIND(".",G83,FIND("@",G83)+1))),"Invalid","") | N83: =IF(COUNTIF($S$2:$S$6,H83)=0,"Invalid","") | O83: =IF(F83<EDATE(TODAY(),-12),"Outdated","") | P83: =IF(ISBLANK(D83),"",PROPER(TRIM(D83))) -> Damaged | Q83: =IF(ISBLANK(D83),"",IF(EXACT(D83,P83),"","Inconsistent"))
A84: R-1082 | B84: Omar Silva | C84: P-289 | D84: Wrong Item | E84: 10300.43 | F84: 45827.667 | G84: omar.silva@example.com | H84: Canaada | I84: Homeware | J84: =IF(OR(ISBLANK(C84),ISBLANK(D84)),"Missing","") | K84: =IF(COUNTIF($A$2:$A$2501,A84)>1,"Duplicate","") | L84: =IF(OR(E84=0,E84>10000),"Unusual","") -> Unusual | M84: =IF(OR(ISBLANK(G84),ISERROR(FIND("@",G84)),ISERROR(FIND(".",G84,FIND("@",G84)+1))),"Invalid","") | N84: =IF(COUNTIF($S$2:$S$6,H84)=0,"Invalid","") -> Invalid | O84: =IF(F84<EDATE(TODAY(),-12),"Outdated","") -> Outdated | P84: =IF(ISBLANK(D84),"",PROPER(TRIM(D84))) -> Wrong Item | Q84: =IF(ISBLANK(D84),"",IF(EXACT(D84,P84),"","Inconsistent"))
A85: R-2930 | B85: Samuel Gomez | C85: P-476 | D85: DAMAGED | E85: 1386.07 | F85: 45791.667 | G85: samuel.gomez@example.com | H85: UAE | I85: Homeware | J85: =IF(OR(ISBLANK(C85),ISBLANK(D85)),"Missing","") | K85: =IF(COUNTIF($A$2:$A$2501,A85)>1,"Duplicate","") -> Duplicate | L85: =IF(OR(E85=0,E85>10000),"Unusual","") | M85: =IF(OR(ISBLANK(G85),ISERROR(FIND("@",G85)),ISERROR(FIND(".",G85,FIND("@",G85)+1))),"Invalid","") | N85: =IF(COUNTIF($S$2:$S$6,H85)=0,"Invalid","") -> Invalid | O85: =IF(F85<EDATE(TODAY(),-12),"Outdated","") -> Outdated | P85: =IF(ISBLANK(D85),"",PROPER(TRIM(D85))) -> Damaged | Q85: =IF(ISBLANK(D85),"",IF(EXACT(D85,P85),"","Inconsistent")) -> Inconsistent
A86: R-1084 | B86: Lucia Khan | C86: P-732 | D86: Wrong Item | E86: 2645.25 | F86: 45201.667 | G86: lucia.khan@example.com | H86: U.S.A. | I86: Homeware | J86: =IF(OR(ISBLANK(C86),ISBLANK(D86)),"Missing","") | K86: =IF(COUNTIF($A$2:$A$2501,A86)>1,"Duplicate","") | L86: =IF(OR(E86=0,E86>10000),"Unusual","") | M86: =IF(OR(ISBLANK(G86),ISERROR(FIND("@",G86)),ISERROR(FIND(".",G86,FIND("@",G86)+1))),"Invalid","") | N86: =IF(COUNTIF($S$2:$S$6,H86)=0,"Invalid","") -> Invalid | O86: =IF(F86<EDATE(TODAY(),-12),"Outdated","") -> Outdated | P86: =IF(ISBLANK(D86),"",PROPER(TRIM(D86))) -> Wrong Item | Q86: =IF(ISBLANK(D86),"",IF(EXACT(D86,P86),"","Inconsistent"))
A87: R-1085 | B87: Mei Patel | C87: P-844 | D87: Damaged | E87: 10415.6 | F87: 45751.667 | G87: mei.patel@example.com | H87: UK | I87: Clothing | J87: =IF(OR(ISBLANK(C87),ISBLANK(D87)),"Missing","") | K87: =IF(COUNTIF($A$2:$A$2501,A87)>1,"Duplicate","") | L87: =IF(OR(E87=0,E87>10000),"Unusual","") -> Unusual | M87: =IF(OR(ISBLANK(G87),ISERROR(FIND("@",G87)),ISERROR(FIND(".",G87,FIND("@",G87)+1))),"Invalid","") | N87: =IF(COUNTIF($S$2:$S$6,H87)=0,"Invalid","") | O87: =IF(F87<EDATE(TODAY(),-12),"Outdated","") -> Outdated | P87: =IF(ISBLANK(D87),"",PROPER(TRIM(D87))) -> Damaged | Q87: =IF(ISBLANK(D87),"",IF(EXACT(D87,P87),"","Inconsistent"))
A88: R-1086 | B88: Elena Sato | C88: P-809 | D88: Wrong Item | E88: 736.13 | F88: 45778.667 | G88: elena@example | H88: Earth | I88: Clothing | J88: =IF(OR(ISBLANK(C88),ISBLANK(D88)),"Missing","") | K88: =IF(COUNTIF($A$2:$A$2501,A88)>1,"Duplicate","") | L88: =IF(OR(E88=0,E88>10000),"Unusual","") | M88: =IF(OR(ISBLANK(G88),ISERROR(FIND("@",G88)),ISERROR(FIND(".",G88,FIND("@",G88)+1))),"Invalid","") -> Invalid | N88: =IF(COUNTIF($S$2:$S$6,H88)=0,"Invalid","") -> Invalid | O88: =IF(F88<EDATE(TODAY(),-12),"Outdated","") -> Outdated | P88: =IF(ISBLANK(D88),"",PROPER(TRIM(D88))) -> Wrong Item | Q88: =IF(ISBLANK(D88),"",IF(EXACT(D88,P88),"","Inconsistent"))
A89: R-1087 | B89: Nina Ivanov | C89: P-748 | D89: Wrong item | E89: 7480.94 | F89: 45303.667 | G89: nina.ivanov@example.com | H89: USA | I89: Homeware | J89: =IF(OR(ISBLANK(C89),ISBLANK(D89)),"Missing","") | K89: =IF(COUNTIF($A$2:$A$2501,A89)>1,"Duplicate","") | L89: =IF(OR(E89=0,E89>10000),"Unusual","") | M89: =IF(OR(ISBLANK(G89),ISERROR(FIND("@",G89)),ISERROR(FIND(".",G89,FIND("@",G89)+1))),"Invalid","") | N89: =IF(COUNTIF($S$2:$S$6,H89)=0,"Invalid","") | O89: =IF(F89<EDATE(TODAY(),-12),"Outdated","") -> Outdated | P89: =IF(ISBLANK(D89),"",PROPER(TRIM(D89))) -> Wrong Item | Q89: =IF(ISBLANK(D89),"",IF(EXACT(D89,P89),"","Inconsistent")) -> Inconsistent
A90: R-1088 | B90: Samuel Gomez | C90: P-324 | D90: Not As Described | E90: 6707.44 | F90: 45674.667 | I90: Electronics | J90: =IF(OR(ISBLANK(C90),ISBLANK(D90)),"Missing","") | K90: =IF(COUNTIF($A$2:$A$2501,A90)>1,"Duplicate","") | L90: =IF(OR(E90=0,E90>10000),"Unusual","") | M90: =IF(OR(ISBLANK(G90),ISERROR(FIND("@",G90)),ISERROR(FIND(".",G90,FIND("@",G90)+1))),"Invalid","") -> Invalid | N90: =IF(COUNTIF($S$2:$S$6,H90)=0,"Invalid","") -> Invalid | O90: =IF(F90<EDATE(TODAY(),-12),"Outdated","") -> Outdated | P90: =IF(ISBLANK(D90),"",PROPER(TRIM(D90))) -> Not As Described | Q90: =IF(ISBLANK(D90),"",IF(EXACT(D90,P90),"","Inconsistent"))
A91: R-1089 | B91: Lucia Khan | C91: P-783 | D91: DAMAGED | E91: 6228.26 | F91: 45378.667 | G91: lucia@example | H91: UK | I91: Electronics | J91: =IF(OR(ISBLANK(C91),ISBLANK(D91)),"Missing","") | K91: =IF(COUNTIF($A$2:$A$2501,A91)>1,"Duplicate","") | L91: =IF(OR(E91=0,E91>10000),"Unusual","") | M91: =IF(OR(ISBLANK(G91),ISERROR(FIND("@",G91)),ISERROR(FIND(".",G91,FIND("@",G91)+1))),"Invalid","") -> Invalid | N91: =IF(COUNTIF($S$2:$S$6,H91)=0,"Invalid","") | O91: =IF(F91<EDATE(TODAY(),-12),"Outdated","") -> Outdated | P91: =IF(ISBLANK(D91),"",PROPER(TRIM(D91))) -> Damaged | Q91: =IF(ISBLANK(D91),"",IF(EXACT(D91,P91),"","Inconsistent")) -> Inconsistent
A92: R-1090 | B92: Lucia Khan | C92: P-926 | D92: Not As Described | E92: 8356.35 | F92: 45295.667 | G92: lucia.khan@example.com | H92: Germany | I92: Toys | J92: =IF(OR(ISBLANK(C92),ISBLANK(D92)),"Missing","") | K92: =IF(COUNTIF($A$2:$A$2501,A92)>1,"Duplicate","") | L92: =IF(OR(E92=0,E92>10000),"Unusual","") | M92: =IF(OR(ISBLANK(G92),ISERROR(FIND("@",G92)),ISERROR(FIND(".",G92,FIND("@",G92)+1))),"Invalid","") | N92: =IF(COUNTIF($S$2:$S$6,H92)=0,"Invalid","") | O92: =IF(F92<EDATE(TODAY(),-12),"Outdated","") -> Outdated | P92: =IF(ISBLANK(D92),"",PROPER(TRIM(D92))) -> Not As Described | Q92: =IF(ISBLANK(D92),"",IF(EXACT(D92,P92),"","Inconsistent"))
A93: R-1091 | B93: Kwame Patel | C93: P-707 | D93: Damaged | E93: 2888.18 | F93: 45601.667 | G93: kwame.patel@example.com | H93: UK | I93: Clothing | J93: =IF(OR(ISBLANK(C93),ISBLANK(D93)),"Missing","") | K93: =IF(COUNTIF($A$2:$A$2501,A93)>1,"Duplicate","") | L93: =IF(OR(E93=0,E93>10000),"Unusual","") | M93: =IF(OR(ISBLANK(G93),ISERROR(FIND("@",G93)),ISERROR(FIND(".",G93,FIND("@",G93)+1))),"Invalid","") | N93: =IF(COUNTIF($S$2:$S$6,H93)=0,"Invalid","") | O93: =IF(F93<EDATE(TODAY(),-12),"Outdated","") -> Outdated | P93: =IF(ISBLANK(D93),"",PROPER(TRIM(D93))) -> Damaged | Q93: =IF(ISBLANK(D93),"",IF(EXACT(D93,P93),"","Inconsistent"))
A94: R-1092 | B94: Mei Patel | C94: P-791 | D94: Wrong Item | E94: 9003.26 | F94: 45516.667 | G94: mei.patel@example.com | H94: Earth | I94: Toys | J94: =IF(OR(ISBLANK(C94),ISBLANK(D94)),"Missing","") | K94: =IF(COUNTIF($A$2:$A$2501,A94)>1,"Duplicate","") | L94: =IF(OR(E94=0,E94>10000),"Unusual","") | M94: =IF(OR(ISBLANK(G94),ISERROR(FIND("@",G94)),ISERROR(FIND(".",G94,FIND("@",G94)+1))),"Invalid","") | N94: =IF(COUNTIF($S$2:$S$6,H94)=0,"Invalid","") -> Invalid | O94: =IF(F94<EDATE(TODAY(),-12),"Outdated","") -> Outdated | P94: =IF(ISBLANK(D94),"",PROPER(TRIM(D94))) -> Wrong Item | Q94: =IF(ISBLANK(D94),"",IF(EXACT(D94,P94),"","Inconsistent"))
A95: R-1093 | B95: Kwame Patel | C95: P-596 | D95: Not As Described | E95: 5804.57 | F95: 45404.667 | G95: kwame.patel@example.com | H95: Mars | I95: Electronics | J95: =IF(OR(ISBLANK(C95),ISBLANK(D95)),"Missing","") | K95: =IF(COUNTIF($A$2:$A$2501,A95)>1,"Duplicate","") | L95: =IF(OR(E95=0,E95>10000),"Unusual","") | M95: =IF(OR(ISBLANK(G95),ISERROR(FIND("@",G95)),ISERROR(FIND(".",G95,FIND("@",G95)+1))),"Invalid","") | N95: =IF(COUNTIF($S$2:$S$6,H95)=0,"Invalid","") -> Invalid | O95: =IF(F95<EDATE(TODAY(),-12),"Outdated","") -> Outdated | P95: =IF(ISBLANK(D95),"",PROPER(TRIM(D95))) -> Not As Described | Q95: =IF(ISBLANK(D95),"",IF(EXACT(D95,P95),"","Inconsistent"))
A96: R-1094 | B96: Samuel Gomez | C96: P-367 | D96: Damaged | E96: 3104.46 | F96: 45783.667 | G96: samuel@example | H96: U.S.A. | I96: Electronics | J96: =IF(OR(ISBLANK(C96),ISBLANK(D96)),"Missing","") | K96: =IF(COUNTIF($A$2:$A$2501,A96)>1,"Duplicate","") | L96: =IF(OR(E96=0,E96>10000),"Unusual","") | M96: =IF(OR(ISBLANK(G96),ISERROR(FIND("@",G96)),ISERROR(FIND(".",G96,FIND("@",G96)+1))),"Invalid","") -> Invalid | N96: =IF(COUNTIF($S$2:$S$6,H96)=0,"Invalid","") -> Invalid | O96: =IF(F96<EDATE(TODAY(),-12),"Outdated","") -> Outdated | P96: =IF(ISBLANK(D96),"",PROPER(TRIM(D96))) -> Damaged | Q96: =IF(ISBLANK(D96),"",IF(EXACT(D96,P96),"","Inconsistent"))
A97: R-1095 | B97: Lucia Khan | C97: P-485 | D97: Late Delivery | E97: 0 | F97: 45832.667 | G97: lucia.khan@example.com | H97: Mars | I97: Clothing | J97: =IF(OR(ISBLANK(C97),ISBLANK(D97)),"Missing","") | K97: =IF(COUNTIF($A$2:$A$2501,A97)>1,"Duplicate","") | L97: =IF(OR(E97=0,E97>10000),"Unusual","") -> Unusual | M97: =IF(OR(ISBLANK(G97),ISERROR(FIND("@",G97)),ISERROR(FIND(".",G97,FIND("@",G97)+1))),"Invalid","") | N97: =IF(COUNTIF($S$2:$S$6,H97)=0,"Invalid","") -> Invalid | O97: =IF(F97<EDATE(TODAY(),-12),"Outdated","") -> Outdated | P97: =IF(ISBLANK(D97),"",PROPER(TRIM(D97))) -> Late Delivery | Q97: =IF(ISBLANK(D97),"",IF(EXACT(D97,P97),"","Inconsistent"))
A98: R-1096 | B98: Elena Sato | C98: P-712 | D98: Wrong Item | E98: 6647.64 | F98: 45698.667 | G98: elena.sato@example.com | H98: UK | I98: Books | J98: =IF(OR(ISBLANK(C98),ISBLANK(D98)),"Missing","") | K98: =IF(COUNTIF($A$2:$A$2501,A98)>1,"Duplicate","") | L98: =IF(OR(E98=0,E98>10000),"Unusual","") | M98: =IF(OR(ISBLANK(G98),ISERROR(FIND("@",G98)),ISERROR(FIND(".",G98,FIND("@",G98)+1))),"Invalid","") | N98: =IF(COUNTIF($S$2:$S$6,H98)=0,"Invalid","") | O98: =IF(F98<EDATE(TODAY(),-12),"Outdated","") -> Outdated | P98: =IF(ISBLANK(D98),"",PROPER(TRIM(D98))) -> Wrong Item | Q98: =IF(ISBLANK(D98),"",IF(EXACT(D98,P98),"","Inconsistent"))
A99: R-1097 | B99: Nina Ivanov | C99: P-180 | D99: Wrong Item | E99: 0 | F99: 45352.667 | G99: nina@example | H99: Canada | I99: Beauty | J99: =IF(OR(ISBLANK(C99),ISBLANK(D99)),"Missing","") | K99: =IF(COUNTIF($A$2:$A$2501,A99)>1,"Duplicate","") | L99: =IF(OR(E99=0,E99>10000),"Unusual","") -> Unusual | M99: =IF(OR(ISBLANK(G99),ISERROR(FIND("@",G99)),ISERROR(FIND(".",G99,FIND("@",G99)+1))),"Invalid","") -> Invalid | N99: =IF(COUNTIF($S$2:$S$6,H99)=0,"Invalid","") | O99: =IF(F99<EDATE(TODAY(),-12),"Outdated","") -> Outdated | P99: =IF(ISBLANK(D99),"",PROPER(TRIM(D99))) -> Wrong Item | Q99: =IF(ISBLANK(D99),"",IF(EXACT(D99,P99),"","Inconsistent"))
A100: R-1098 | B100: Kwame Patel | C100: P-101 | D100: Late Delivery | E100: 10576.92 | F100: 45829.667 | G100: kwame.patel@example.com | H100: U.S.A. | I100: Homeware | J100: =IF(OR(ISBLANK(C100),ISBLANK(D100)),"Missing","") | K100: =IF(COUNTIF($A$2:$A$2501,A100)>1,"Duplicate","") | L100: =IF(OR(E100=0,E100>10000),"Unusual","") -> Unusual | M100: =IF(OR(ISBLANK(G100),ISERROR(FIND("@",G100)),ISERROR(FIND(".",G100,FIND("@",G100)+1))),"Invalid","") | N100: =IF(COUNTIF($S$2:$S$6,H100)=0,"Invalid","") -> Invalid | O100: =IF(F100<EDATE(TODAY(),-12),"Outdated","") -> Outdated | P100: =IF(ISBLANK(D100),"",PROPER(TRIM(D100))) -> Late Delivery | Q100: =IF(ISBLANK(D100),"",IF(EXACT(D100,P100),"","Inconsistent"))
...

Sheet Data Quality Summary
A1: Issue Type | B1: Count
A2: Missing (Product Code / Return Reason) | B2: =COUNTIF('Returns Audit (Solved)'!J2:J2501,"Missing") -> 247
A3: Duplicate Return ID | B3: =COUNTIF('Returns Audit (Solved)'!K2:K2501,"Duplicate") -> 270
A4: Unusual Refund Amount | B4: =COUNTIF('Returns Audit (Solved)'!L2:L2501,"Unusual") -> 610
A5: Invalid Customer Email | B5: =COUNTIF('Returns Audit (Solved)'!M2:M2501,"Invalid") -> 462
A6: Invalid Country | B6: =COUNTIF('Returns Audit (Solved)'!N2:N2501,"Invalid") -> 1378
A7: Outdated Return Date | B7: =COUNTIF('Returns Audit (Solved)'!O2:O2501,"Outdated") -> 2454
A8: Inconsistent Return Reason | B8: =COUNTIF('Returns Audit (Solved)'!Q2:Q2501,"Inconsistent") -> 356
