Workbook

Sheet Solution Notes
A1: Day 02 Solution - Formatting for Analysis
A3: Task 1: Use the PROPER function to capitalise project names.
A4: Formula: =PROPER('Project Tracker'!A2) (applied down column A on 'Project Tracker (Solved)')
A5: Answer: 300 project names converted, e.g. 'marketing campaign' -> 'Marketing Campaign'.
A7: Task 2: Format the Fee and Fee per Hour columns as currency (US Dollars).
A8: Format applied: number_format '"$"#,##0.00' on columns C (Fee) and G (Fee per Hour).
A9: Answer: e.g. row 2 Fee = $2,339.00, Fee per Hour = $89.96.
A11: Task 3: Format the Start Date column to show dates like 15-Jan-2024.
A12: Format applied: number_format 'dd-mmm-yyyy' on column E (Start Date).
A13: Answer: e.g. row 2 Start Date displays as 02-Dec-2023.
A15: Task 4: Standardise the Completed column to only show 'Yes' or 'No'.
A16: Formula: =PROPER('Project Tracker'!F2) (applied down column F on 'Project Tracker (Solved)')
... A31: Note: 'Project Tracker' is left untouched as the original data. 'Project Tracker (Solved)' is a fresh sheet with live formulas referencing it, plus all formatting from tasks 2, 3, 5, 6 and 7 applied directly.

Sheet Instructions
A1: Day 2 Practice: Format a Freelance Project Tracker
A3: This workbook contains freelance project data on the 'Project Tracker' sheet.
A4: The data has inconsistencies that make it difficult to interpret. Your task is to clean and format it properly.
A6: Tasks:
A7: 1. Use the PROPER function to capitalize project names.
A8: 2. Format the 'Fee' and 'Fee per Hour' columns as currency (US Dollars).
A9: 3. Format the 'Start Date' column to show dates like: 15-Jan-2024.
A10: 4. Standardize the 'Completed' column to only show 'Yes' or 'No'.
A11: 5. Auto-fit all columns so values are fully visible.
A12: 6. Highlight rows where 'Fee per Hour' is below $75 using conditional formatting.
A13: 7. Make the header row bold and add a bottom border.

Sheet Project Tracker
A1: Project | B1: Client | C1: Fee | D1: Hours | E1: Start Date | F1: Completed | G1: Fee per Hour
A2: marketing campaign | B2: Campbell-Clark | C2: 2339 | D2: 26 | E2: 45262 | F2: yes | G2: 89.96
A3: seo audit | B3: Guzman, Hoffman and Baldwin | C3: 1744 | D3: 26 | E3: 45374 | F3: no | G3: 67.08
A4: marketing campaign | B4: Baxter Inc | C4: 6431 | D4: 18 | E4: 45316 | F4: yes | G4: 357.28
A5: marketing campaign | B5: Smith, Montoya and Evans | C5: 6823 | D5: 68 | E5: 45338 | F5: no | G5: 100.34
A6: seo audit | B6: Daniels, Adkins and Brown | C6: 3778 | D6: 15 | E6: 45368 | F6: no | G6: 251.87
A7: seo audit | B7: Allen-Allen | C7: 3776 | D7: 34 | E7: 45314 | F7: no | G7: 111.06
A8: data dashboard | B8: Mcclure, Ward and Lee | C8: 2259 | D8: 63 | E8: 45339 | F8: YES | G8: 35.86
A9: data dashboard | B9: Arroyo, Miller and Tucker | C9: 6445 | D9: 48 | E9: 45232 | F9: YES | G9: 134.27
A10: seo audit | B10: Russell Group | C10: 2522 | D10: 63 | E10: 45252 | F10: YES | G10: 40.03
A11: app prototype | B11: Baker, Mason and White | C11: 6649 | D11: 61 | E11: 45245 | F11: yes | G11: 109
A12: marketing campaign | B12: Turner, Riggs and Roman | C12: 2069 | D12: 20 | E12: 45402 | F12: no | G12: 103.45
A13: data dashboard | B13: Blair PLC | C13: 3407 | D13: 27 | E13: 45365 | F13: NO | G13: 126.19
... A301: data dashboard | B301: Stanley, Tucker and Lee | C301: 5016 | D301: 66 | E301: 45376 | F301: NO | G301: 76

Sheet Project Tracker (Solved)
A1: Project | B1: Client | C1: Fee | D1: Hours | E1: Start Date | F1: Completed | G1: Fee per Hour
A2: =PROPER('Project Tracker'!A2) -> Marketing Campaign | B2: ='Project Tracker'!B2 -> Campbell-Clark | C2: ='Project Tracker'!C2 -> 2339 | D2: ='Project Tracker'!D2 -> 26 | E2: ='Project Tracker'!E2 -> 45262 | F2: =PROPER('Project Tracker'!F2) -> Yes | G2: ='Project Tracker'!G2 -> 89.96
A3: =PROPER('Project Tracker'!A3) -> Seo Audit | B3: ='Project Tracker'!B3 -> Guzman, Hoffman and Baldwin | C3: ='Project Tracker'!C3 -> 1744 | D3: ='Project Tracker'!D3 -> 26 | E3: ='Project Tracker'!E3 -> 45374 | F3: =PROPER('Project Tracker'!F3) -> No | G3: ='Project Tracker'!G3 -> 67.08
A4: =PROPER('Project Tracker'!A4) -> Marketing Campaign | B4: ='Project Tracker'!B4 -> Baxter Inc | C4: ='Project Tracker'!C4 -> 6431 | D4: ='Project Tracker'!D4 -> 18 | E4: ='Project Tracker'!E4 -> 45316 | F4: =PROPER('Project Tracker'!F4) -> Yes | G4: ='Project Tracker'!G4 -> 357.28
A5: =PROPER('Project Tracker'!A5) -> Marketing Campaign | B5: ='Project Tracker'!B5 -> Smith, Montoya and Evans | C5: ='Project Tracker'!C5 -> 6823 | D5: ='Project Tracker'!D5 -> 68 | E5: ='Project Tracker'!E5 -> 45338 | F5: =PROPER('Project Tracker'!F5) -> No | G5: ='Project Tracker'!G5 -> 100.34
A6: =PROPER('Project Tracker'!A6) -> Seo Audit | B6: ='Project Tracker'!B6 -> Daniels, Adkins and Brown | C6: ='Project Tracker'!C6 -> 3778 | D6: ='Project Tracker'!D6 -> 15 | E6: ='Project Tracker'!E6 -> 45368 | F6: =PROPER('Project Tracker'!F6) -> No | G6: ='Project Tracker'!G6 -> 251.87
A7: =PROPER('Project Tracker'!A7) -> Seo Audit | B7: ='Project Tracker'!B7 -> Allen-Allen | C7: ='Project Tracker'!C7 -> 3776 | D7: ='Project Tracker'!D7 -> 34 | E7: ='Project Tracker'!E7 -> 45314 | F7: =PROPER('Project Tracker'!F7) -> No | G7: ='Project Tracker'!G7 -> 111.06
A8: =PROPER('Project Tracker'!A8) -> Data Dashboard | B8: ='Project Tracker'!B8 -> Mcclure, Ward and Lee | C8: ='Project Tracker'!C8 -> 2259 | D8: ='Project Tracker'!D8 -> 63 | E8: ='Project Tracker'!E8 -> 45339 | F8: =PROPER('Project Tracker'!F8) -> Yes | G8: ='Project Tracker'!G8 -> 35.86
A9: =PROPER('Project Tracker'!A9) -> Data Dashboard | B9: ='Project Tracker'!B9 -> Arroyo, Miller and Tucker | C9: ='Project Tracker'!C9 -> 6445 | D9: ='Project Tracker'!D9 -> 48 | E9: ='Project Tracker'!E9 -> 45232 | F9: =PROPER('Project Tracker'!F9) -> Yes | G9: ='Project Tracker'!G9 -> 134.27
A10: =PROPER('Project Tracker'!A10) -> Seo Audit | B10: ='Project Tracker'!B10 -> Russell Group | C10: ='Project Tracker'!C10 -> 2522 | D10: ='Project Tracker'!D10 -> 63 | E10: ='Project Tracker'!E10 -> 45252 | F10: =PROPER('Project Tracker'!F10) -> Yes | G10: ='Project Tracker'!G10 -> 40.03
A11: =PROPER('Project Tracker'!A11) -> App Prototype | B11: ='Project Tracker'!B11 -> Baker, Mason and White | C11: ='Project Tracker'!C11 -> 6649 | D11: ='Project Tracker'!D11 -> 61 | E11: ='Project Tracker'!E11 -> 45245 | F11: =PROPER('Project Tracker'!F11) -> Yes | G11: ='Project Tracker'!G11 -> 109
A12: =PROPER('Project Tracker'!A12) -> Marketing Campaign | B12: ='Project Tracker'!B12 -> Turner, Riggs and Roman | C12: ='Project Tracker'!C12 -> 2069 | D12: ='Project Tracker'!D12 -> 20 | E12: ='Project Tracker'!E12 -> 45402 | F12: =PROPER('Project Tracker'!F12) -> No | G12: ='Project Tracker'!G12 -> 103.45
A13: =PROPER('Project Tracker'!A13) -> Data Dashboard | B13: ='Project Tracker'!B13 -> Blair PLC | C13: ='Project Tracker'!C13 -> 3407 | D13: ='Project Tracker'!D13 -> 27 | E13: ='Project Tracker'!E13 -> 45365 | F13: =PROPER('Project Tracker'!F13) -> No | G13: ='Project Tracker'!G13 -> 126.19
... A301: =PROPER('Project Tracker'!A301) -> Data Dashboard | B301: ='Project Tracker'!B301 -> Stanley, Tucker and Lee | C301: ='Project Tracker'!C301 -> 5016 | D301: ='Project Tracker'!D301 -> 66 | E301: ='Project Tracker'!E301 -> 45376 | F301: =PROPER('Project Tracker'!F301) -> No | G301: ='Project Tracker'!G301 -> 76
